time,FCO2,delta_FCO2
1851-01-16 12:00:00,0.35446787,
1851-02-15 00:00:00,0.3256726,-0.0287952721118927
1851-03-16 12:00:00,0.27679664,-0.04887595772743225
1851-04-16 00:00:00,-0.030490216,-0.3072868548333645
1851-05-16 12:00:00,-0.70418096,-0.673690740019083
1851-06-16 00:00:00,-1.2971883,-0.5930073261260986
1851-07-16 12:00:00,-1.1479313,0.14925694465637207
1851-08-16 12:00:00,-0.18382284,0.9641084969043732
1851-09-16 00:00:00,0.49320367,0.6770265102386475
1851-10-16 12:00:00,0.7074766,0.21427294611930847
1851-11-16 00:00:00,0.45139778,-0.256078839302063
1851-12-16 12:00:00,0.40188155,-0.0495162308216095
1852-01-16 12:00:00,0.4625398,0.06065824627876282
1852-02-15 00:00:00,0.3664476,-0.09609219431877136
1852-03-16 12:00:00,0.3495707,-0.016876906156539917
1852-04-16 00:00:00,-0.041839026,-0.3914097175002098
1852-05-16 12:00:00,-0.57974136,-0.53790233284235
1852-06-16 00:00:00,-1.2483014,-0.6685600280761719
1852-07-16 12:00:00,-1.0288821,0.21941924095153809
1852-08-16 12:00:00,-0.08303219,0.9458499550819397
1852-09-16 00:00:00,0.7366252,0.8196573853492737
1852-10-16 12:00:00,0.7259789,-0.010646283626556396
1852-11-16 00:00:00,0.5000862,-0.22589272260665894
1852-12-16 12:00:00,0.48787436,-0.012211829423904419
1853-01-16 12:00:00,0.4457963,-0.04207804799079895
1853-02-15 00:00:00,0.48258394,0.03678762912750244
1853-03-16 12:00:00,0.45448238,-0.028101563453674316
1853-04-16 00:00:00,0.07544326,-0.37903911620378494
1853-05-16 12:00:00,-0.5789642,-0.6544074341654778
1853-06-16 00:00:00,-1.2846131,-0.7056489586830139
1853-07-16 12:00:00,-1.1087371,0.17587602138519287
1853-08-16 12:00:00,-0.04669735,1.0620397627353668
1853-09-16 00:00:00,0.7411826,0.7878799736499786
1853-10-16 12:00:00,0.6152168,-0.12596583366394043
1853-11-16 00:00:00,0.49898332,-0.1162334680557251
1853-12-16 12:00:00,0.4811893,-0.017794013023376465
1854-01-16 12:00:00,0.41119397,-0.06999534368515015
1854-02-15 00:00:00,0.4253977,0.01420372724533081
1854-03-16 12:00:00,0.33970445,-0.08569324016571045
1854-04-16 00:00:00,0.0060629547,-0.33364149928092957
1854-05-16 12:00:00,-0.63664645,-0.6427094042301178
1854-06-16 00:00:00,-1.3196439,-0.6829974055290222
1854-07-16 12:00:00,-1.0945991,0.22504472732543945
1854-08-16 12:00:00,-0.16333747,0.9312616586685181
1854-09-16 00:00:00,0.60813963,0.7714771032333374
1854-10-16 12:00:00,0.5504271,-0.057712554931640625
1854-11-16 00:00:00,0.443206,-0.10722106695175171
1854-12-16 12:00:00,0.41466603,-0.028539985418319702
1855-01-16 12:00:00,0.4023211,-0.012344926595687866
1855-02-15 00:00:00,0.3953584,-0.006962686777114868
1855-03-16 12:00:00,0.36837184,-0.02698656916618347
1855-04-16 00:00:00,0.01478415,-0.35358769446611404
1855-05-16 12:00:00,-0.54593503,-0.5607191845774651
1855-06-16 00:00:00,-1.2463486,-0.7004135847091675
1855-07-16 12:00:00,-1.0819086,0.16444003582000732
1855-08-16 12:00:00,-0.09516943,0.9867391511797905
1855-09-16 00:00:00,0.6630156,0.7581850364804268
1855-10-16 12:00:00,0.8057189,0.14270329475402832
1855-11-16 00:00:00,0.5663632,-0.2393556833267212
1855-12-16 12:00:00,0.49132368,-0.07503953576087952
1856-01-16 12:00:00,0.4613911,-0.02993258833885193
1856-02-15 00:00:00,0.510767,0.04937589168548584
1856-03-16 12:00:00,0.43379536,-0.0769716203212738
1856-04-16 00:00:00,0.043753006,-0.39004235714673996
1856-05-16 12:00:00,-0.627931,-0.6716840043663979
1856-06-16 00:00:00,-1.2763213,-0.6483902931213379
1856-07-16 12:00:00,-1.1817603,0.09456098079681396
1856-08-16 12:00:00,-0.1540356,1.027724713087082
1856-09-16 00:00:00,0.5195607,0.6735962927341461
1856-10-16 12:00:00,0.68426013,0.16469943523406982
1856-11-16 00:00:00,0.46153525,-0.22272488474845886
1856-12-16 12:00:00,0.3129425,-0.1485927402973175
1857-01-16 12:00:00,0.40167463,0.08873212337493896
1857-02-15 00:00:00,0.38188857,-0.019786059856414795
1857-03-16 12:00:00,0.37668893,-0.005199640989303589
1857-04-16 00:00:00,0.05959861,-0.31709031760692596
1857-05-16 12:00:00,-0.56997186,-0.6295704692602158
1857-06-16 00:00:00,-1.3362966,-0.7663246989250183
1857-07-16 12:00:00,-1.1404577,0.1958388090133667
1857-08-16 12:00:00,-0.12571111,1.0147466361522675
1857-09-16 00:00:00,0.5628732,0.6885842978954315
1857-10-16 12:00:00,0.7120943,0.14922112226486206
1857-11-16 00:00:00,0.49019745,-0.22189685702323914
1857-12-16 12:00:00,0.44303536,-0.04716208577156067
1858-01-16 12:00:00,0.42529583,-0.017739534378051758
1858-02-15 00:00:00,0.4812343,0.0559384822845459
1858-03-16 12:00:00,0.3876449,-0.0935894250869751
1858-04-16 00:00:00,0.0018165149,-0.3858283720910549
1858-05-16 12:00:00,-0.54399014,-0.5458066500723362
1858-06-16 00:00:00,-1.2624209,-0.718430757522583
1858-07-16 12:00:00,-1.0686841,0.19373679161071777
1858-08-16 12:00:00,-0.1455171,0.9231670051813126
1858-09-16 00:00:00,0.6540857,0.7996027916669846
1858-10-16 12:00:00,0.6164767,-0.037608981132507324
1858-11-16 00:00:00,0.39819086,-0.21828585863113403
1858-12-16 12:00:00,0.47974408,0.08155322074890137
1859-01-16 12:00:00,0.38378394,-0.09596014022827148
1859-02-15 00:00:00,0.3981195,0.014335572719573975
1859-03-16 12:00:00,0.34457326,-0.053546249866485596
1859-04-16 00:00:00,-0.025651764,-0.3702250234782696
1859-05-16 12:00:00,-0.6156495,-0.5899977572262287
1859-06-16 00:00:00,-1.3268809,-0.7112314105033875
1859-07-16 12:00:00,-1.0646611,0.26221978664398193
1859-08-16 12:00:00,-0.114026725,0.9506344199180603
1859-09-16 00:00:00,0.59508973,0.7091164588928223
1859-10-16 12:00:00,0.6216207,0.026530981063842773
1859-11-16 00:00:00,0.4637826,-0.1578381061553955
1859-12-16 12:00:00,0.39362764,-0.07015496492385864
1860-01-16 12:00:00,0.46298218,0.06935453414916992
1860-02-15 00:00:00,0.43288505,-0.030097126960754395
1860-03-16 12:00:00,0.3844363,-0.04844874143600464
1860-04-16 00:00:00,-0.012121581,-0.39655788987874985
1860-05-16 12:00:00,-0.67024344,-0.6581218615174294
1860-06-16 00:00:00,-1.3241618,-0.6539183259010315
1860-07-16 12:00:00,-1.0728389,0.251322865486145
1860-08-16 12:00:00,-0.08297229,0.9898666143417358
1860-09-16 00:00:00,0.59200275,0.6749750375747681
1860-10-16 12:00:00,0.70344067,0.11143791675567627
1860-11-16 00:00:00,0.4699161,-0.23352456092834473
1860-12-16 12:00:00,0.34535345,-0.12456265091896057
1861-01-16 12:00:00,0.3705267,0.02517324686050415
1861-02-15 00:00:00,0.3575237,-0.013002991676330566
1861-03-16 12:00:00,0.29715365,-0.060370057821273804
1861-04-16 00:00:00,-0.05970747,-0.3568611219525337
1861-05-16 12:00:00,-0.6389166,-0.579209141433239
1861-06-16 00:00:00,-1.3079106,-0.6689939498901367
1861-07-16 12:00:00,-1.1477615,0.16014909744262695
1861-08-16 12:00:00,-0.17851414,0.9692473262548447
1861-09-16 00:00:00,0.60677385,0.7852879911661148
1861-10-16 12:00:00,0.7690441,0.16227024793624878
1861-11-16 00:00:00,0.57754046,-0.191503643989563
1861-12-16 12:00:00,0.5336101,-0.04393035173416138
1862-01-16 12:00:00,0.5244602,-0.009149909019470215
1862-02-15 00:00:00,0.49812633,-0.026333868503570557
1862-03-16 12:00:00,0.39353457,-0.10459175705909729
1862-04-16 00:00:00,0.07619614,-0.3173384293913841
1862-05-16 12:00:00,-0.5642773,-0.6404734328389168
1862-06-16 00:00:00,-1.2545552,-0.6902779340744019
1862-07-16 12:00:00,-1.127377,0.12717819213867188
1862-08-16 12:00:00,-0.10071471,1.0266623198986053
1862-09-16 00:00:00,0.69705516,0.7977698743343353
1862-10-16 12:00:00,0.62490404,-0.07215112447738647
1862-11-16 00:00:00,0.6025106,-0.022393465042114258
1862-12-16 12:00:00,0.5427392,-0.05977135896682739
1863-01-16 12:00:00,0.43327,-0.1094692051410675
1863-02-15 00:00:00,0.44742674,0.014156728982925415
1863-03-16 12:00:00,0.34683117,-0.10059556365013123
1863-04-16 00:00:00,0.004995538,-0.34183563478291035
1863-05-16 12:00:00,-0.5749496,-0.5799451600760221
1863-06-16 00:00:00,-1.4203637,-0.8454140424728394
1863-07-16 12:00:00,-1.1964191,0.2239445447921753
1863-08-16 12:00:00,-0.22463204,0.9717870801687241
1863-09-16 00:00:00,0.50422645,0.7288584858179092
1863-10-16 12:00:00,0.65543854,0.15121209621429443
1863-11-16 00:00:00,0.5222572,-0.13318133354187012
1863-12-16 12:00:00,0.48547646,-0.036780744791030884
1864-01-16 12:00:00,0.5178014,0.03232493996620178
1864-02-15 00:00:00,0.4125952,-0.1052061915397644
1864-03-16 12:00:00,0.37039882,-0.04219639301300049
1864-04-16 00:00:00,-0.054610632,-0.42500945180654526
1864-05-16 12:00:00,-0.6373448,-0.5827341452240944
1864-06-16 00:00:00,-1.2718277,-0.6344829201698303
1864-07-16 12:00:00,-1.1219591,0.14986860752105713
1864-08-16 12:00:00,-0.08126761,1.0406914800405502
1864-09-16 00:00:00,0.685195,0.7664626389741898
1864-10-16 12:00:00,0.77563083,0.09043580293655396
1864-11-16 00:00:00,0.4763536,-0.29927724599838257
1864-12-16 12:00:00,0.46421978,-0.012133806943893433
1865-01-16 12:00:00,0.44528073,-0.018939048051834106
1865-02-15 00:00:00,0.45667523,0.011394500732421875
1865-03-16 12:00:00,0.32865164,-0.12802359461784363
1865-04-16 00:00:00,-0.11314146,-0.4417930990457535
1865-05-16 12:00:00,-0.58317167,-0.47003020346164703
1865-06-16 00:00:00,-1.2471142,-0.6639425158500671
1865-07-16 12:00:00,-1.1155026,0.13161158561706543
1865-08-16 12:00:00,-0.08328007,1.0322225242853165
1865-09-16 00:00:00,0.72660697,0.8098870366811752
1865-10-16 12:00:00,0.6582895,-0.0683174729347229
1865-11-16 00:00:00,0.57545334,-0.08283615112304688
1865-12-16 12:00:00,0.5156219,-0.059831440448760986
1866-01-16 12:00:00,0.5279863,0.012364387512207031
1866-02-15 00:00:00,0.4911582,-0.03682810068130493
1866-03-16 12:00:00,0.35663334,-0.1345248520374298
1866-04-16 00:00:00,-0.0049498957,-0.3615832310169935
1866-05-16 12:00:00,-0.6094738,-0.604523928835988
1866-06-16 00:00:00,-1.3139919,-0.7045180797576904
1866-07-16 12:00:00,-1.0549175,0.25907444953918457
1866-08-16 12:00:00,-0.12630373,0.9286137223243713
1866-09-16 00:00:00,0.6734283,0.7997320294380188
1866-10-16 12:00:00,0.63204515,-0.04138314723968506
1866-11-16 00:00:00,0.5830878,-0.04895734786987305
1866-12-16 12:00:00,0.5725466,-0.010541200637817383
1867-01-16 12:00:00,0.4936373,-0.07890930771827698
1867-02-15 00:00:00,0.44199926,-0.05163803696632385
1867-03-16 12:00:00,0.38220033,-0.05979892611503601
1867-04-16 00:00:00,0.07380971,-0.30839061737060547
1867-05-16 12:00:00,-0.59575033,-0.669560045003891
1867-06-16 00:00:00,-1.3032116,-0.7074612379074097
1867-07-16 12:00:00,-1.1512934,0.1519181728363037
1867-08-16 12:00:00,-0.16974261,0.98155078291893
1867-09-16 00:00:00,0.60342824,0.7731708586215973
1867-10-16 12:00:00,0.64410585,0.04067760705947876
1867-11-16 00:00:00,0.38630474,-0.2578011155128479
1867-12-16 12:00:00,0.32781586,-0.0584888756275177
1868-01-16 12:00:00,0.31453124,-0.013284623622894287
1868-02-15 00:00:00,0.26785696,-0.04667428135871887
1868-03-16 12:00:00,0.29569328,0.027836322784423828
1868-04-16 00:00:00,-0.119476385,-0.4151696637272835
1868-05-16 12:00:00,-0.6669295,-0.5474530979990959
1868-06-16 00:00:00,-1.3353475,-0.6684180498123169
1868-07-16 12:00:00,-1.2390538,0.09629368782043457
1868-08-16 12:00:00,-0.17090954,1.0681443065404892
1868-09-16 00:00:00,0.5288118,0.6997213512659073
1868-10-16 12:00:00,0.66533935,0.13652753829956055
1868-11-16 00:00:00,0.49879146,-0.16654789447784424
1868-12-16 12:00:00,0.46241403,-0.0363774299621582
1869-01-16 12:00:00,0.46975636,0.007342338562011719
1869-02-15 00:00:00,0.3973543,-0.07240206003189087
1869-03-16 12:00:00,0.46887833,0.07152402400970459
1869-04-16 00:00:00,-0.024643272,-0.4935216009616852
1869-05-16 12:00:00,-0.56641626,-0.5417729914188385
1869-06-16 00:00:00,-1.1769054,-0.6104891300201416
1869-07-16 12:00:00,-1.0949341,0.08197128772735596
1869-08-16 12:00:00,-0.21651527,0.8784188330173492
1869-09-16 00:00:00,0.5146943,0.7312095463275909
1869-10-16 12:00:00,0.67449987,0.15980559587478638
1869-11-16 00:00:00,0.5143018,-0.16019809246063232
1869-12-16 12:00:00,0.46607214,-0.0482296347618103
1870-01-16 12:00:00,0.52311677,0.0570446252822876
1870-02-15 00:00:00,0.45925882,-0.06385794281959534
1870-03-16 12:00:00,0.40837118,-0.05088764429092407
1870-04-16 00:00:00,0.076713875,-0.3316573053598404
1870-05-16 12:00:00,-0.5710288,-0.6477427035570145
1870-06-16 00:00:00,-1.3708614,-0.7998325824737549
1870-07-16 12:00:00,-1.2092954,0.16156601905822754
1870-08-16 12:00:00,-0.30192,0.9073753952980042
1870-09-16 00:00:00,0.5222003,0.824120283126831
1870-10-16 12:00:00,0.47005612,-0.05214416980743408
1870-11-16 00:00:00,0.4577586,-0.012297511100769043
1870-12-16 12:00:00,0.3680064,-0.089752197265625
1871-01-16 12:00:00,0.31243044,-0.05557596683502197
1871-02-15 00:00:00,0.30234337,-0.010087072849273682
1871-03-16 12:00:00,0.23966965,-0.06267371773719788
1871-04-16 00:00:00,-0.04119744,-0.2808670923113823
1871-05-16 12:00:00,-0.7247237,-0.6835262551903725
1871-06-16 00:00:00,-1.3301026,-0.6053788661956787
1871-07-16 12:00:00,-1.1672932,0.1628093719482422
1871-08-16 12:00:00,-0.18313055,0.9841626435518265
1871-09-16 00:00:00,0.46789452,0.6510250717401505
1871-10-16 12:00:00,0.68168575,0.21379122138023376
1871-11-16 00:00:00,0.43432406,-0.2473616898059845
1871-12-16 12:00:00,0.3982408,-0.03608325123786926
1872-01-16 12:00:00,0.47520465,0.07696384191513062
1872-02-15 00:00:00,0.38999906,-0.08520558476448059
1872-03-16 12:00:00,0.36715752,-0.022841542959213257
1872-04-16 00:00:00,-0.014076047,-0.3812335655093193
1872-05-16 12:00:00,-0.56704783,-0.552971787750721
1872-06-16 00:00:00,-1.2947448,-0.7276970148086548
1872-07-16 12:00:00,-1.0645704,0.23017442226409912
1872-08-16 12:00:00,-0.08455126,0.9800191670656204
1872-09-16 00:00:00,0.75773394,0.8422852009534836
1872-10-16 12:00:00,0.7468568,-0.010877132415771484
1872-11-16 00:00:00,0.48647186,-0.2603849470615387
1872-12-16 12:00:00,0.46608347,-0.020388394594192505
1873-01-16 12:00:00,0.43612185,-0.029961615800857544
1873-02-15 00:00:00,0.4621296,0.026007741689682007
1873-03-16 12:00:00,0.42018476,-0.04194483160972595
1873-04-16 00:00:00,0.03910499,-0.3810797706246376
1873-05-16 12:00:00,-0.60967714,-0.6487821266055107
1873-06-16 00:00:00,-1.3297924,-0.7201152443885803
1873-07-16 12:00:00,-1.2001543,0.12963807582855225
1873-08-16 12:00:00,-0.10650675,1.0936475545167923
1873-09-16 00:00:00,0.7528282,0.8593349307775497
1873-10-16 12:00:00,0.6588912,-0.0939369797706604
1873-11-16 00:00:00,0.53849334,-0.12039786577224731
1873-12-16 12:00:00,0.48511887,-0.05337446928024292
1874-01-16 12:00:00,0.40280432,-0.08231455087661743
1874-02-15 00:00:00,0.39824793,-0.004556387662887573
1874-03-16 12:00:00,0.29336253,-0.10488539934158325
1874-04-16 00:00:00,-0.04054714,-0.33390966802835464
1874-05-16 12:00:00,-0.6808597,-0.6403125450015068
1874-06-16 00:00:00,-1.3799379,-0.6990782022476196
1874-07-16 12:00:00,-1.131455,0.24848294258117676
1874-08-16 12:00:00,-0.18697597,0.9444789737462997
1874-09-16 00:00:00,0.6150606,0.8020365983247757
1874-10-16 12:00:00,0.5915948,-0.02346581220626831
1874-11-16 00:00:00,0.49124998,-0.10034483671188354
1874-12-16 12:00:00,0.44865757,-0.042592406272888184
1875-01-16 12:00:00,0.40682745,-0.04183012247085571
1875-02-15 00:00:00,0.40000668,-0.006820768117904663
1875-03-16 12:00:00,0.37184972,-0.028156965970993042
1875-04-16 00:00:00,0.028958749,-0.3428909666836262
1875-05-16 12:00:00,-0.5454545,-0.574413251131773
1875-06-16 00:00:00,-1.2399678,-0.6945133209228516
1875-07-16 12:00:00,-1.0796888,0.1602790355682373
1875-08-16 12:00:00,-0.10591783,0.9737709611654282
1875-09-16 00:00:00,0.64866835,0.7545861750841141
1875-10-16 12:00:00,0.8077305,0.15906214714050293
1875-11-16 00:00:00,0.57522404,-0.23250645399093628
1875-12-16 12:00:00,0.52193457,-0.05328947305679321
1876-01-16 12:00:00,0.484064,-0.037870556116104126
1876-02-15 00:00:00,0.50149053,0.017426520586013794
1876-03-16 12:00:00,0.4099542,-0.09153634309768677
1876-04-16 00:00:00,0.04758462,-0.3623695708811283
1876-05-16 12:00:00,-0.59586865,-0.6434532664716244
1876-06-16 00:00:00,-1.2573843,-0.6615156531333923
1876-07-16 12:00:00,-1.2102274,0.0471569299697876
1876-08-16 12:00:00,-0.14103153,1.0691958367824554
1876-09-16 00:00:00,0.54081035,0.6818418800830841
1876-10-16 12:00:00,0.7258128,0.18500244617462158
1876-11-16 00:00:00,0.4734871,-0.2523256838321686
1876-12-16 12:00:00,0.33361542,-0.13987168669700623
1877-01-16 12:00:00,0.45734736,0.12373194098472595
1877-02-15 00:00:00,0.43643042,-0.02091693878173828
1877-03-16 12:00:00,0.4120052,-0.024425238370895386
1877-04-16 00:00:00,0.060088485,-0.35191670060157776
1877-05-16 12:00:00,-0.5500658,-0.6101543009281158
1877-06-16 00:00:00,-1.325111,-0.7750452160835266
1877-07-16 12:00:00,-1.1333737,0.19173729419708252
1877-08-16 12:00:00,-0.119792745,1.0135809928178787
1877-09-16 00:00:00,0.5896338,0.7094265669584274
1877-10-16 12:00:00,0.75434524,0.16471141576766968
1877-11-16 00:00:00,0.5216046,-0.2327406406402588
1877-12-16 12:00:00,0.46326646,-0.05833813548088074
1878-01-16 12:00:00,0.45694724,-0.006319224834442139
1878-02-15 00:00:00,0.52529204,0.06834480166435242
1878-03-16 12:00:00,0.41899735,-0.10629469156265259
1878-04-16 00:00:00,0.030757084,-0.3882402628660202
1878-05-16 12:00:00,-0.52906054,-0.5598176270723343
1878-06-16 00:00:00,-1.2855088,-0.7564482092857361
1878-07-16 12:00:00,-1.1098632,0.1756455898284912
1878-08-16 12:00:00,-0.16252762,0.9473355412483215
1878-09-16 00:00:00,0.67923653,0.8417641520500183
1878-10-16 12:00:00,0.65363777,-0.025598764419555664
1878-11-16 00:00:00,0.41036892,-0.24326884746551514
1878-12-16 12:00:00,0.46783805,0.05746912956237793
1879-01-16 12:00:00,0.3736173,-0.09422075748443604
1879-02-15 00:00:00,0.40238348,0.02876618504524231
1879-03-16 12:00:00,0.3705764,-0.0318070650100708
1879-04-16 00:00:00,0.020594545,-0.3499818667769432
1879-05-16 12:00:00,-0.5345005,-0.5550950244069099
1879-06-16 00:00:00,-1.2850343,-0.7505338191986084
1879-07-16 12:00:00,-1.0446476,0.2403867244720459
1879-08-16 12:00:00,-0.1086389,0.9360086768865585
1879-09-16 00:00:00,0.63111776,0.7397566586732864
1879-10-16 12:00:00,0.6538939,0.022776126861572266
1879-11-16 00:00:00,0.4678978,-0.18599608540534973
1879-12-16 12:00:00,0.38562357,-0.08227422833442688
1880-01-16 12:00:00,0.44468316,0.059059590101242065
1880-02-15 00:00:00,0.40541613,-0.03926703333854675
1880-03-16 12:00:00,0.36677948,-0.03863665461540222
1880-04-16 00:00:00,0.027002517,-0.3397769592702389
1880-05-16 12:00:00,-0.58785856,-0.614861074835062
1880-06-16 00:00:00,-1.2636214,-0.6757628917694092
1880-07-16 12:00:00,-1.0761081,0.1875133514404297
1880-08-16 12:00:00,-0.0762026,0.9999054968357086
1880-09-16 00:00:00,0.6004895,0.6766920983791351
1880-10-16 12:00:00,0.7410019,0.1405124068260193
1880-11-16 00:00:00,0.48200822,-0.2589936852455139
1880-12-16 12:00:00,0.34956563,-0.13244259357452393
1881-01-16 12:00:00,0.38216466,0.032599031925201416
1881-02-15 00:00:00,0.36215714,-0.02000752091407776
1881-03-16 12:00:00,0.2979529,-0.06420424580574036
1881-04-16 00:00:00,-0.031084366,-0.32903725653886795
1881-05-16 12:00:00,-0.551208,-0.520123653113842
1881-06-16 00:00:00,-1.2296188,-0.6784107685089111
1881-07-16 12:00:00,-1.0786922,0.1509265899658203
1881-08-16 12:00:00,-0.13698836,0.9417038410902023
1881-09-16 00:00:00,0.6567788,0.7937671691179276
1881-10-16 12:00:00,0.7927306,0.13595181703567505
1881-11-16 00:00:00,0.58357954,-0.20915108919143677
1881-12-16 12:00:00,0.5235354,-0.060044169425964355
1882-01-16 12:00:00,0.50733566,-0.016199707984924316
1882-02-15 00:00:00,0.48590922,-0.02142643928527832
1882-03-16 12:00:00,0.38060653,-0.10530269145965576
1882-04-16 00:00:00,0.10052642,-0.280080109834671
1882-05-16 12:00:00,-0.516255,-0.6167814433574677
1882-06-16 00:00:00,-1.2034885,-0.6872334480285645
1882-07-16 12:00:00,-1.0716822,0.13180625438690186
1882-08-16 12:00:00,-0.039498374,1.0321838408708572
1882-09-16 00:00:00,0.71754926,0.757047638297081
1882-10-16 12:00:00,0.6108353,-0.10671395063400269
1882-11-16 00:00:00,0.57580733,-0.03502798080444336
1882-12-16 12:00:00,0.5232971,-0.05251026153564453
1883-01-16 12:00:00,0.43441537,-0.08888170123100281
1883-02-15 00:00:00,0.45046663,0.016051262617111206
1883-03-16 12:00:00,0.35396963,-0.09649699926376343
1883-04-16 00:00:00,0.039683882,-0.3142857514321804
1883-05-16 12:00:00,-0.48729995,-0.5269838310778141
1883-06-16 00:00:00,-1.36832,-0.8810200393199921
1883-07-16 12:00:00,-1.1747289,0.19359111785888672
1883-08-16 12:00:00,-0.17674091,0.9979879558086395
1883-09-16 00:00:00,0.56595284,0.7426937520503998
1883-10-16 12:00:00,0.67124146,0.10528862476348877
1883-11-16 00:00:00,0.49280572,-0.17843574285507202
1883-12-16 12:00:00,0.45627397,-0.03653174638748169
1884-01-16 12:00:00,0.49971288,0.04343891143798828
1884-02-15 00:00:00,0.38841146,-0.11130142211914062
1884-03-16 12:00:00,0.34152025,-0.046891212463378906
1884-04-16 00:00:00,-0.058256358,-0.3997766077518463
1884-05-16 12:00:00,-0.59346354,-0.5352071821689606
1884-06-16 00:00:00,-1.2456226,-0.6521590948104858
1884-07-16 12:00:00,-1.1304195,0.1152031421661377
1884-08-16 12:00:00,-0.044437602,1.0859818905591965
1884-09-16 00:00:00,0.7629935,0.8074311167001724
1884-10-16 12:00:00,0.8415379,0.07854437828063965
1884-11-16 00:00:00,0.49518248,-0.3463554084300995
1884-12-16 12:00:00,0.4430217,-0.05216076970100403
1885-01-16 12:00:00,0.43238991,-0.010631799697875977
1885-02-15 00:00:00,0.43678814,0.004398226737976074
1885-03-16 12:00:00,0.31297755,-0.12381058931350708
1885-04-16 00:00:00,-0.0999132,-0.4128907546401024
1885-05-16 12:00:00,-0.5502807,-0.4503674879670143
1885-06-16 00:00:00,-1.2316692,-0.6813884973526001
1885-07-16 12:00:00,-1.1116711,0.11999809741973877
1885-08-16 12:00:00,-0.0619646,1.0497064888477325
1885-09-16 00:00:00,0.7446674,0.80663201212883
1885-10-16 12:00:00,0.7296386,-0.015028834342956543
1885-11-16 00:00:00,0.627676,-0.10196256637573242
1885-12-16 12:00:00,0.5596513,-0.06802469491958618
1886-01-16 12:00:00,0.5561898,-0.0034615397453308105
1886-02-15 00:00:00,0.50319636,-0.05299341678619385
1886-03-16 12:00:00,0.378402,-0.1247943639755249
1886-04-16 00:00:00,0.047694735,-0.33070725947618484
1886-05-16 12:00:00,-0.525188,-0.5728827640414238
1886-06-16 00:00:00,-1.2532763,-0.7280883193016052
1886-07-16 12:00:00,-1.0096012,0.2436751127243042
1886-08-16 12:00:00,-0.075298525,0.9343027099967003
1886-09-16 00:00:00,0.73120856,0.8065070882439613
1886-10-16 12:00:00,0.6674519,-0.06375664472579956
1886-11-16 00:00:00,0.5951529,-0.07229900360107422
1886-12-16 12:00:00,0.59584093,0.000688016414642334
1887-01-16 12:00:00,0.502904,-0.0929369330406189
1887-02-15 00:00:00,0.43766624,-0.06523776054382324
1887-03-16 12:00:00,0.36358544,-0.07408079504966736
1887-04-16 00:00:00,0.10835942,-0.2552260234951973
1887-05-16 12:00:00,-0.500912,-0.6092714294791222
1887-06-16 00:00:00,-1.219902,-0.7189900279045105
1887-07-16 12:00:00,-1.0721636,0.14773845672607422
1887-08-16 12:00:00,-0.08777401,0.9843895733356476
1887-09-16 00:00:00,0.67361015,0.7613841593265533
1887-10-16 12:00:00,0.66681826,-0.006791889667510986
1887-11-16 00:00:00,0.377125,-0.28969326615333557
1887-12-16 12:00:00,0.33573505,-0.04138994216918945
1888-01-16 12:00:00,0.34374416,0.008009105920791626
1888-02-15 00:00:00,0.3026996,-0.04104456305503845
1888-03-16 12:00:00,0.3241964,0.02149680256843567
1888-04-16 00:00:00,-0.07959318,-0.40378957986831665
1888-05-16 12:00:00,-0.5837538,-0.5041606426239014
1888-06-16 00:00:00,-1.261089,-0.6773351430892944
1888-07-16 12:00:00,-1.1877398,0.07334911823272705
1888-08-16 12:00:00,-0.12849975,1.0592401027679443
1888-09-16 00:00:00,0.5787937,0.7072934508323669
1888-10-16 12:00:00,0.7012247,0.12243098020553589
1888-11-16 00:00:00,0.516854,-0.18437069654464722
1888-12-16 12:00:00,0.47759646,-0.03925752639770508
1889-01-16 12:00:00,0.50834644,0.030749976634979248
1889-02-15 00:00:00,0.43885952,-0.06948691606521606
1889-03-16 12:00:00,0.5213548,0.08249527215957642
1889-04-16 00:00:00,0.040423892,-0.4809309020638466
1889-05-16 12:00:00,-0.49230468,-0.5327285751700401
1889-06-16 00:00:00,-1.1282274,-0.6359226703643799
1889-07-16 12:00:00,-1.0415484,0.08667898178100586
1889-08-16 12:00:00,-0.16212499,0.8794233798980713
1889-09-16 00:00:00,0.5655474,0.7276723980903625
1889-10-16 12:00:00,0.6778375,0.11229008436203003
1889-11-16 00:00:00,0.48771366,-0.19012382626533508
1889-12-16 12:00:00,0.43978834,-0.047925323247909546
1890-01-16 12:00:00,0.4837973,0.04400897026062012
1890-02-15 00:00:00,0.4472724,-0.03652492165565491
1890-03-16 12:00:00,0.4252461,-0.02202630043029785
1890-04-16 00:00:00,0.121398866,-0.30384722352027893
1890-05-16 12:00:00,-0.5106871,-0.6320859789848328
1890-06-16 00:00:00,-1.3292202,-0.8185330629348755
1890-07-16 12:00:00,-1.1847322,0.14448797702789307
1890-08-16 12:00:00,-0.2800381,0.9046941101551056
1890-09-16 00:00:00,0.5514935,0.8315316140651703
1890-10-16 12:00:00,0.48068443,-0.07080909609794617
1890-11-16 00:00:00,0.44450438,-0.0361800491809845
1890-12-16 12:00:00,0.36364728,-0.08085709810256958
1891-01-16 12:00:00,0.315568,-0.04807928204536438
1891-02-15 00:00:00,0.30599976,-0.009568244218826294
1891-03-16 12:00:00,0.25408578,-0.05191397666931152
1891-04-16 00:00:00,0.028081968,-0.22600381076335907
1891-05-16 12:00:00,-0.5900226,-0.6181045919656754
1891-06-16 00:00:00,-1.2240416,-0.6340189576148987
1891-07-16 12:00:00,-1.1285971,0.0954444408416748
1891-08-16 12:00:00,-0.18020377,0.9483933746814728
1891-09-16 00:00:00,0.48967558,0.6698793470859528
1891-10-16 12:00:00,0.6893137,0.19963812828063965
1891-11-16 00:00:00,0.4289758,-0.2603379189968109
1891-12-16 12:00:00,0.38728175,-0.041694045066833496
1892-01-16 12:00:00,0.4637295,0.0764477550983429
1892-02-15 00:00:00,0.37561435,-0.0881151556968689
1892-03-16 12:00:00,0.36031723,-0.015297114849090576
1892-04-16 00:00:00,0.029313698,-0.3310035318136215
1892-05-16 12:00:00,-0.46484044,-0.4941541403532028
1892-06-16 00:00:00,-1.1952767,-0.7304362952709198
1892-07-16 12:00:00,-1.000967,0.19430971145629883
1892-08-16 12:00:00,-0.067704774,0.9332622513175011
1892-09-16 00:00:00,0.756481,0.8241857662796974
1892-10-16 12:00:00,0.7298988,-0.026582181453704834
1892-11-16 00:00:00,0.47466868,-0.2552301287651062
1892-12-16 12:00:00,0.47518492,0.0005162358283996582
1893-01-16 12:00:00,0.44230238,-0.03288254141807556
1893-02-15 00:00:00,0.46575803,0.023455649614334106
1893-03-16 12:00:00,0.43605822,-0.02969980239868164
1893-04-16 00:00:00,0.081725605,-0.3543326184153557
1893-05-16 12:00:00,-0.54118556,-0.622911162674427
1893-06-16 00:00:00,-1.24301,-0.7018244862556458
1893-07-16 12:00:00,-1.1059195,0.1370905637741089
1893-08-16 12:00:00,-0.0045191944,1.1014002859592438
1893-09-16 00:00:00,0.7947564,0.7992756068706512
1893-10-16 12:00:00,0.64659214,-0.1481642723083496
1893-11-16 00:00:00,0.48740816,-0.15918397903442383
1893-12-16 12:00:00,0.4516496,-0.03575855493545532
1894-01-16 12:00:00,0.3774047,-0.0742449164390564
1894-02-15 00:00:00,0.3796152,0.0022104978561401367
1894-03-16 12:00:00,0.29380915,-0.08580604195594788
1894-04-16 00:00:00,-0.009646237,-0.3034553825855255
1894-05-16 12:00:00,-0.59009033,-0.5804440975189209
1894-06-16 00:00:00,-1.2666538,-0.6765634417533875
1894-07-16 12:00:00,-1.0106933,0.25596046447753906
1894-08-16 12:00:00,-0.09672783,0.9139654785394669
1894-09-16 00:00:00,0.68641406,0.7831418961286545
1894-10-16 12:00:00,0.60517704,-0.08123701810836792
1894-11-16 00:00:00,0.465178,-0.13999903202056885
1894-12-16 12:00:00,0.41860625,-0.0465717613697052
1895-01-16 12:00:00,0.37286043,-0.04574581980705261
1895-02-15 00:00:00,0.36518785,-0.0076725780963897705
1895-03-16 12:00:00,0.33280018,-0.03238767385482788
1895-04-16 00:00:00,0.0280326,-0.30476757884025574
1895-05-16 12:00:00,-0.5142273,-0.5422598719596863
1895-06-16 00:00:00,-1.1956319,-0.6814045906066895
1895-07-16 12:00:00,-1.0461849,0.14944696426391602
1895-08-16 12:00:00,-0.038752876,1.007432021200657
1895-09-16 00:00:00,0.7458751,0.7846279963850975
1895-10-16 12:00:00,0.85322887,0.10735374689102173
1895-11-16 00:00:00,0.5693458,-0.28388309478759766
1895-12-16 12:00:00,0.49259955,-0.07674622535705566
1896-01-16 12:00:00,0.43192267,-0.06067687273025513
1896-02-15 00:00:00,0.44063592,0.008713245391845703
1896-03-16 12:00:00,0.34608617,-0.0945497453212738
1896-04-16 00:00:00,0.014295027,-0.33179114758968353
1896-05-16 12:00:00,-0.5761746,-0.5904696434736252
1896-06-16 00:00:00,-1.2401732,-0.6639986038208008
1896-07-16 12:00:00,-1.1675767,0.07259654998779297
1896-08-16 12:00:00,-0.09679348,1.0707831904292107
1896-09-16 00:00:00,0.5810894,0.6778828576207161
1896-10-16 12:00:00,0.77084523,0.1897558569908142
1896-11-16 00:00:00,0.48371488,-0.28713035583496094
1896-12-16 12:00:00,0.32185495,-0.161859929561615
1897-01-16 12:00:00,0.39063236,0.0687774121761322
1897-02-15 00:00:00,0.3777928,-0.012839555740356445
1897-03-16 12:00:00,0.36121878,-0.01657402515411377
1897-04-16 00:00:00,0.0632561,-0.2979626804590225
1897-05-16 12:00:00,-0.5134123,-0.5766683965921402
1897-06-16 00:00:00,-1.3029823,-0.7895700335502625
1897-07-16 12:00:00,-1.1146572,0.1883251667022705
1897-08-16 12:00:00,-0.10992415,1.0047330111265182
1897-09-16 00:00:00,0.6005192,0.7104433327913284
1897-10-16 12:00:00,0.7499492,0.1494300365447998
1897-11-16 00:00:00,0.51324546,-0.2367037534713745
1897-12-16 12:00:00,0.45244977,-0.06079569458961487
1898-01-16 12:00:00,0.4452993,-0.007150471210479736
1898-02-15 00:00:00,0.49114802,0.045848727226257324
1898-03-16 12:00:00,0.3952978,-0.09585022926330566
1898-04-16 00:00:00,0.038476773,-0.3568210229277611
1898-05-16 12:00:00,-0.47408572,-0.5125624909996986
1898-06-16 00:00:00,-1.235543,-0.7614572942256927
1898-07-16 12:00:00,-1.0700864,0.1654566526412964
1898-08-16 12:00:00,-0.12234183,0.9477445334196091
1898-09-16 00:00:00,0.7108833,0.8332251459360123
1898-10-16 12:00:00,0.65870476,-0.05217856168746948
1898-11-16 00:00:00,0.4121707,-0.2465340495109558
1898-12-16 12:00:00,0.47486877,0.06269806623458862
1899-01-16 12:00:00,0.38362598,-0.09124279022216797
1899-02-15 00:00:00,0.41395202,0.030326038599014282
1899-03-16 12:00:00,0.35817823,-0.055773794651031494
1899-04-16 00:00:00,0.032454647,-0.3257235810160637
1899-05-16 12:00:00,-0.5271915,-0.5596461668610573
1899-06-16 00:00:00,-1.2987732,-0.7715816497802734
1899-07-16 12:00:00,-1.0696652,0.22910797595977783
1899-08-16 12:00:00,-0.10027817,0.969387024641037
1899-09-16 00:00:00,0.65369505,0.7539732158184052
1899-10-16 12:00:00,0.6444787,-0.009216368198394775
1899-11-16 00:00:00,0.4440824,-0.20039626955986023
1899-12-16 12:00:00,0.3608071,-0.08327531814575195
1900-01-16 12:00:00,0.4504183,0.08961120247840881
1900-02-15 00:00:00,0.43536067,-0.015057623386383057
1900-03-16 12:00:00,0.37782913,-0.057531535625457764
1900-04-16 00:00:00,0.031197295,-0.34663183987140656
1900-05-16 12:00:00,-0.5763995,-0.6075967997312546
1900-06-16 00:00:00,-1.2539346,-0.6775351166725159
1900-07-16 12:00:00,-1.0805678,0.17336678504943848
1900-08-16 12:00:00,-0.069549054,1.0110187828540802
1900-09-16 00:00:00,0.6299726,0.6995216310024261
1900-10-16 12:00:00,0.7604404,0.13046783208847046
1900-11-16 00:00:00,0.47099435,-0.28944605588912964
1900-12-16 12:00:00,0.31274667,-0.1582476794719696
1901-01-16 12:00:00,0.33587766,0.023130983114242554
1901-02-15 00:00:00,0.36475074,0.028873085975646973
1901-03-16 12:00:00,0.30264956,-0.06210118532180786
1901-04-16 00:00:00,0.014600627,-0.2880489304661751
1901-05-16 12:00:00,-0.57730144,-0.591902069747448
1901-06-16 00:00:00,-1.2498614,-0.672559916973114
1901-07-16 12:00:00,-1.1753454,0.0745159387588501
1901-08-16 12:00:00,-0.19677009,0.9785753339529037
1901-09-16 00:00:00,0.5120995,0.7088695913553238
1901-10-16 12:00:00,0.7331204,0.2210208773612976
1901-11-16 00:00:00,0.46287683,-0.2702435553073883
1901-12-16 12:00:00,0.40567786,-0.05719897150993347
1902-01-16 12:00:00,0.488758,0.08308014273643494
1902-02-15 00:00:00,0.41384253,-0.07491546869277954
1902-03-16 12:00:00,0.41855508,0.004712551832199097
1902-04-16 00:00:00,0.107300535,-0.311254546046257
1902-05-16 12:00:00,-0.4280779,-0.5353784412145615
1902-06-16 00:00:00,-1.1816972,-0.7536193430423737
1902-07-16 12:00:00,-1.0117612,0.16993606090545654
1902-08-16 12:00:00,-0.096674874,0.9150863140821457
1902-09-16 00:00:00,0.75176644,0.8484413176774979
1902-10-16 12:00:00,0.7224072,-0.02935922145843506
1902-11-16 00:00:00,0.46760547,-0.25480175018310547
1902-12-16 12:00:00,0.48255083,0.014945358037948608
1903-01-16 12:00:00,0.4705542,-0.011996626853942871
1903-02-15 00:00:00,0.48813626,0.017582058906555176
1903-03-16 12:00:00,0.4543477,-0.03378856182098389
1903-04-16 00:00:00,0.11281547,-0.34153223037719727
1903-05-16 12:00:00,-0.4712577,-0.5840731561183929
1903-06-16 00:00:00,-1.1811486,-0.7098909616470337
1903-07-16 12:00:00,-1.0840801,0.09706854820251465
1903-08-16 12:00:00,-0.0004736632,1.0836064368486404
1903-09-16 00:00:00,0.81154,0.8120136708021164
1903-10-16 12:00:00,0.68304616,-0.12849384546279907
1903-11-16 00:00:00,0.52663445,-0.15641170740127563
1903-12-16 12:00:00,0.49386567,-0.03276878595352173
1904-01-16 12:00:00,0.41429633,-0.07956933975219727
1904-02-15 00:00:00,0.41489,0.0005936622619628906
1904-03-16 12:00:00,0.34036335,-0.07452663779258728
1904-04-16 00:00:00,0.028575465,-0.3117878884077072
1904-05-16 12:00:00,-0.55591834,-0.5844938009977341
1904-06-16 00:00:00,-1.2040901,-0.6481717824935913
1904-07-16 12:00:00,-0.96435267,0.23973745107650757
1904-08-16 12:00:00,-0.075364,0.8889886662364006
1904-09-16 00:00:00,0.68985766,0.7652216628193855
1904-10-16 12:00:00,0.61478627,-0.07507139444351196
1904-11-16 00:00:00,0.4729193,-0.14186698198318481
1904-12-16 12:00:00,0.43506384,-0.037855446338653564
1905-01-16 12:00:00,0.4073551,-0.027708739042282104
1905-02-15 00:00:00,0.39693975,-0.010415345430374146
1905-03-16 12:00:00,0.35849994,-0.038439810276031494
1905-04-16 00:00:00,0.072799616,-0.28570032864809036
1905-05-16 12:00:00,-0.46425694,-0.5370565578341484
1905-06-16 00:00:00,-1.1748573,-0.7106003165245056
1905-07-16 12:00:00,-1.0279734,0.14688384532928467
1905-08-16 12:00:00,-0.037724838,0.9902485758066177
1905-09-16 00:00:00,0.74982285,0.787547692656517
1905-10-16 12:00:00,0.84183097,0.09200811386108398
1905-11-16 00:00:00,0.5623498,-0.2794811725616455
1905-12-16 12:00:00,0.4983036,-0.06404620409011841
1906-01-16 12:00:00,0.4640906,-0.03421300649642944
1906-02-15 00:00:00,0.47981596,0.015725374221801758
1906-03-16 12:00:00,0.40106297,-0.07875299453735352
1906-04-16 00:00:00,0.06491563,-0.33614733815193176
1906-05-16 12:00:00,-0.5372618,-0.6021774113178253
1906-06-16 00:00:00,-1.2017308,-0.6644690632820129
1906-07-16 12:00:00,-1.1573216,0.04440927505493164
1906-08-16 12:00:00,-0.06820744,1.0891141295433044
1906-09-16 00:00:00,0.6333585,0.7015659213066101
1906-10-16 12:00:00,0.7976887,0.16433024406433105
1906-11-16 00:00:00,0.5075269,-0.2901618480682373
1906-12-16 12:00:00,0.31551167,-0.19201520085334778
1907-01-16 12:00:00,0.4037285,0.08821681141853333
1907-02-15 00:00:00,0.38971227,-0.014016211032867432
1907-03-16 12:00:00,0.36384603,-0.02586624026298523
1907-04-16 00:00:00,0.085672066,-0.2781739681959152
1907-05-16 12:00:00,-0.46494135,-0.5506134182214737
1907-06-16 00:00:00,-1.2613947,-0.7964533865451813
1907-07-16 12:00:00,-1.0941865,0.16720819473266602
1907-08-16 12:00:00,-0.08859135,1.0055951923131943
1907-09-16 00:00:00,0.6422992,0.7308905273675919
1907-10-16 12:00:00,0.8082536,0.16595441102981567
1907-11-16 00:00:00,0.53398675,-0.2742668390274048
1907-12-16 12:00:00,0.4749484,-0.05903834104537964
1908-01-16 12:00:00,0.44555068,-0.02939772605895996
1908-02-15 00:00:00,0.49359787,0.04804718494415283
1908-03-16 12:00:00,0.3945443,-0.09905356168746948
1908-04-16 00:00:00,0.049491473,-0.3450528308749199
1908-05-16 12:00:00,-0.45424074,-0.5037322118878365
1908-06-16 00:00:00,-1.2178899,-0.7636491656303406
1908-07-16 12:00:00,-1.0487859,0.1691039800643921
1908-08-16 12:00:00,-0.103912935,0.9448729902505875
1908-09-16 00:00:00,0.7209647,0.8248776644468307
1908-10-16 12:00:00,0.6716481,-0.0493166446685791
1908-11-16 00:00:00,0.4589301,-0.21271798014640808
1908-12-16 12:00:00,0.5000444,0.04111430048942566
1909-01-16 12:00:00,0.40201724,-0.09802716970443726
1909-02-15 00:00:00,0.41758698,0.015569746494293213
1909-03-16 12:00:00,0.3501095,-0.06747749447822571
1909-04-16 00:00:00,0.043901503,-0.3062079846858978
1909-05-16 12:00:00,-0.47152972,-0.5154312252998352
1909-06-16 00:00:00,-1.227925,-0.7563952207565308
1909-07-16 12:00:00,-0.99432445,0.23360049724578857
1909-08-16 12:00:00,-0.04774095,0.9465834945440292
1909-09-16 00:00:00,0.6852957,0.7330366522073746
1909-10-16 12:00:00,0.6622795,-0.02301621437072754
1909-11-16 00:00:00,0.4371981,-0.22508138418197632
1909-12-16 12:00:00,0.393941,-0.04325711727142334
1910-01-16 12:00:00,0.4693365,0.07539552450180054
1910-02-15 00:00:00,0.44451523,-0.02482128143310547
1910-03-16 12:00:00,0.38654426,-0.05797097086906433
1910-04-16 00:00:00,0.06036204,-0.32618221640586853
1910-05-16 12:00:00,-0.5352522,-0.5956142544746399
1910-06-16 00:00:00,-1.1896057,-0.6543534994125366
1910-07-16 12:00:00,-1.0091107,0.180495023727417
1910-08-16 12:00:00,-0.030835792,0.9782748967409134
1910-09-16 00:00:00,0.63316494,0.6640007346868515
1910-10-16 12:00:00,0.74149114,0.10832619667053223
1910-11-16 00:00:00,0.4400139,-0.30147725343704224
1910-12-16 12:00:00,0.2918182,-0.14819568395614624
1911-01-16 12:00:00,0.34480512,0.05298691987991333
1911-02-15 00:00:00,0.350339,0.005533874034881592
1911-03-16 12:00:00,0.3029062,-0.04743281006813049
1911-04-16 00:00:00,-0.01368428,-0.31659046560525894
1911-05-16 12:00:00,-0.49474996,-0.48106568306684494
1911-06-16 00:00:00,-1.2003933,-0.705643355846405
1911-07-16 12:00:00,-1.0228842,0.17750906944274902
1911-08-16 12:00:00,-0.11153111,0.9113531410694122
1911-09-16 00:00:00,0.6706252,0.7821563184261322
1911-10-16 12:00:00,0.7659352,0.09530997276306152
1911-11-16 00:00:00,0.53773093,-0.22820425033569336
1911-12-16 12:00:00,0.47816378,-0.059567153453826904
1912-01-16 12:00:00,0.47576287,-0.002400904893875122
1912-02-15 00:00:00,0.47739297,0.0016300976276397705
1912-03-16 12:00:00,0.38903794,-0.08835503458976746
1912-04-16 00:00:00,0.116772436,-0.2722655013203621
1912-05-16 12:00:00,-0.471917,-0.5886894389986992
1912-06-16 00:00:00,-1.1659992,-0.6940821707248688
1912-07-16 12:00:00,-1.0605961,0.10540306568145752
1912-08-16 12:00:00,-0.0432591,1.0173370093107224
1912-09-16 00:00:00,0.6933585,0.7366175800561905
1912-10-16 12:00:00,0.5864546,-0.10690391063690186
1912-11-16 00:00:00,0.5317879,-0.05466669797897339
1912-12-16 12:00:00,0.49978024,-0.03200763463973999
1913-01-16 12:00:00,0.41152686,-0.08825337886810303
1913-02-15 00:00:00,0.42528588,0.013759016990661621
1913-03-16 12:00:00,0.33470488,-0.0905809998512268
1913-04-16 00:00:00,0.056746572,-0.27795830368995667
1913-05-16 12:00:00,-0.4511448,-0.5078913867473602
1913-06-16 00:00:00,-1.3199861,-0.868841290473938
1913-07-16 12:00:00,-1.1522084,0.1677776575088501
1913-08-16 12:00:00,-0.17085147,0.9813569784164429
1913-09-16 00:00:00,0.55500317,0.7258546352386475
1913-10-16 12:00:00,0.6217433,0.06674015522003174
1913-11-16 00:00:00,0.4381348,-0.1836085319519043
1913-12-16 12:00:00,0.39788014,-0.04025465250015259
1914-01-16 12:00:00,0.46337378,0.065493643283844
1914-02-15 00:00:00,0.37364066,-0.08973312377929688
1914-03-16 12:00:00,0.31577283,-0.05786782503128052
1914-04-16 00:00:00,-0.053764086,-0.3695369176566601
1914-05-16 12:00:00,-0.52679306,-0.473028976470232
1914-06-16 00:00:00,-1.2088362,-0.6820431351661682
1914-07-16 12:00:00,-1.0981755,0.11066067218780518
1914-08-16 12:00:00,-0.029943675,1.068231850862503
1914-09-16 00:00:00,0.74066013,0.7706038057804108
1914-10-16 12:00:00,0.78838974,0.04772961139678955
1914-11-16 00:00:00,0.46814972,-0.3202400207519531
1914-12-16 12:00:00,0.43192038,-0.036229342222213745
1915-01-16 12:00:00,0.42484584,-0.007074534893035889
1915-02-15 00:00:00,0.43142223,0.0065763890743255615
1915-03-16 12:00:00,0.3167755,-0.11464673280715942
1915-04-16 00:00:00,-0.074684694,-0.39146019518375397
1915-05-16 12:00:00,-0.5173432,-0.44265852868556976
1915-06-16 00:00:00,-1.1681917,-0.6508484482765198
1915-07-16 12:00:00,-1.0518025,0.11638915538787842
1915-08-16 12:00:00,-0.00850068,1.043301835656166
1915-09-16 00:00:00,0.768148,0.776648685336113
1915-10-16 12:00:00,0.70158863,-0.06655937433242798
1915-11-16 00:00:00,0.5858531,-0.11573553085327148
1915-12-16 12:00:00,0.5408189,-0.045034170150756836
1916-01-16 12:00:00,0.5193152,-0.021503746509552002
1916-02-15 00:00:00,0.4710298,-0.04828539490699768
1916-03-16 12:00:00,0.34480816,-0.12622162699699402
1916-04-16 00:00:00,0.023951191,-0.3208569698035717
1916-05-16 12:00:00,-0.52771676,-0.5516679473221302
1916-06-16 00:00:00,-1.2621177,-0.7344009876251221
1916-07-16 12:00:00,-1.0250359,0.2370818853378296
1916-08-16 12:00:00,-0.06384295,0.9611929059028625
1916-09-16 00:00:00,0.75069404,0.814536988735199
1916-10-16 12:00:00,0.67130697,-0.07938706874847412
1916-11-16 00:00:00,0.536179,-0.1351279616355896
1916-12-16 12:00:00,0.52427846,-0.011900544166564941
1917-01-16 12:00:00,0.46873695,-0.0555415153503418
1917-02-15 00:00:00,0.4018563,-0.06688064336776733
1917-03-16 12:00:00,0.33999175,-0.06186455488204956
1917-04-16 00:00:00,0.061921302,-0.27807044610381126
1917-05-16 12:00:00,-0.56620115,-0.6281224526464939
1917-06-16 00:00:00,-1.307919,-0.7417178750038147
1917-07-16 12:00:00,-1.1736245,0.1342945098876953
1917-08-16 12:00:00,-0.13017759,1.0434469282627106
1917-09-16 00:00:00,0.7053011,0.8354786932468414
1917-10-16 12:00:00,0.71395445,0.008653342723846436
1917-11-16 00:00:00,0.39871487,-0.3152395784854889
1917-12-16 12:00:00,0.35833934,-0.04037553071975708
1918-01-16 12:00:00,0.34784737,-0.01049196720123291
1918-02-15 00:00:00,0.2931507,-0.05469667911529541
1918-03-16 12:00:00,0.29625136,0.003100663423538208
1918-04-16 00:00:00,-0.091245584,-0.3874969407916069
1918-05-16 12:00:00,-0.6118901,-0.5206444934010506
1918-06-16 00:00:00,-1.3073615,-0.6954714059829712
1918-07-16 12:00:00,-1.2475818,0.05977964401245117
1918-08-16 12:00:00,-0.15366018,1.0939216613769531
1918-09-16 00:00:00,0.62717074,0.7808309197425842
1918-10-16 12:00:00,0.74606955,0.11889880895614624
1918-11-16 00:00:00,0.5452409,-0.2008286714553833
1918-12-16 12:00:00,0.47792736,-0.06731352210044861
1919-01-16 12:00:00,0.4979921,0.020064741373062134
1919-02-15 00:00:00,0.42862573,-0.06936636567115784
1919-03-16 12:00:00,0.49529257,0.06666684150695801
1919-04-16 00:00:00,-0.005935475,-0.5012280493974686
1919-05-16 12:00:00,-0.53622866,-0.5302931815385818
1919-06-16 00:00:00,-1.1899377,-0.6537090539932251
1919-07-16 12:00:00,-1.0852636,0.10467410087585449
1919-08-16 12:00:00,-0.17396665,0.9112969636917114
1919-09-16 00:00:00,0.5779269,0.7518935203552246
1919-10-16 12:00:00,0.6811118,0.10318493843078613
1919-11-16 00:00:00,0.53188515,-0.14922666549682617
1919-12-16 12:00:00,0.48620504,-0.045680105686187744
1920-01-16 12:00:00,0.53288335,0.04667830467224121
1920-02-15 00:00:00,0.47765556,-0.05522778630256653
1920-03-16 12:00:00,0.4340238,-0.04363176226615906
1920-04-16 00:00:00,0.10685967,-0.3271641284227371
1920-05-16 12:00:00,-0.5239479,-0.630807563662529
1920-06-16 00:00:00,-1.3379083,-0.8139603734016418
1920-07-16 12:00:00,-1.1932877,0.14462053775787354
1920-08-16 12:00:00,-0.25016844,0.9431192874908447
1920-09-16 00:00:00,0.5985112,0.8486796617507935
1920-10-16 12:00:00,0.522765,-0.07574623823165894
1920-11-16 00:00:00,0.44104195,-0.08172303438186646
1920-12-16 12:00:00,0.3989036,-0.04213833808898926
1921-01-16 12:00:00,0.36860126,-0.030302345752716064
1921-02-15 00:00:00,0.37038025,0.0017789900302886963
1921-03-16 12:00:00,0.42929417,0.05891391634941101
1921-04-16 00:00:00,-0.04338871,-0.4726828783750534
1921-05-16 12:00:00,-0.57262933,-0.5292406231164932
1921-06-16 00:00:00,-1.2489575,-0.676328182220459
1921-07-16 12:00:00,-0.9477064,0.3012511134147644
1921-08-16 12:00:00,-0.20244685,0.745259553194046
1921-09-16 00:00:00,0.6018863,0.8043331205844879
1921-10-16 12:00:00,0.6373824,0.03549611568450928
1921-11-16 00:00:00,0.37678576,-0.2605966329574585
1921-12-16 12:00:00,0.37089795,-0.005887806415557861
1922-01-16 12:00:00,0.3905968,0.0196988582611084
1922-02-15 00:00:00,0.4091522,0.018555402755737305
1922-03-16 12:00:00,0.4129196,0.0037674009799957275
1922-04-16 00:00:00,0.07844003,-0.33447957783937454
1922-05-16 12:00:00,-0.50392985,-0.5823698863387108
1922-06-16 00:00:00,-1.2535734,-0.7496435642242432
1922-07-16 12:00:00,-1.0005298,0.25304365158081055
1922-08-16 12:00:00,-0.08131386,0.9192159026861191
1922-09-16 00:00:00,0.7668492,0.8481630831956863
1922-10-16 12:00:00,0.71214926,-0.05469995737075806
1922-11-16 00:00:00,0.43437383,-0.27777543663978577
1922-12-16 12:00:00,0.44817567,0.01380184292793274
1923-01-16 12:00:00,0.38445362,-0.06372204422950745
1923-02-15 00:00:00,0.38900298,0.004549354314804077
1923-03-16 12:00:00,0.3322863,-0.0567166805267334
1923-04-16 00:00:00,0.0049920715,-0.3272942267358303
1923-05-16 12:00:00,-0.54264975,-0.5476418174803257
1923-06-16 00:00:00,-1.1944108,-0.6517610549926758
1923-07-16 12:00:00,-1.0520214,0.1423894166946411
1923-08-16 12:00:00,-0.04707925,1.0049421340227127
1923-09-16 00:00:00,0.6491525,0.6962317675352097
1923-10-16 12:00:00,0.7114227,0.062270164489746094
1923-11-16 00:00:00,0.4742908,-0.23713189363479614
1923-12-16 12:00:00,0.4479735,-0.026317298412322998
1924-01-16 12:00:00,0.3825261,-0.06544739007949829
1924-02-15 00:00:00,0.4464713,0.06394520401954651
1924-03-16 12:00:00,0.4406405,-0.0058307945728302
1924-04-16 00:00:00,0.008506384,-0.43213412538170815
1924-05-16 12:00:00,-0.58810556,-0.5966119430959225
1924-06-16 00:00:00,-1.2508237,-0.6627181768417358
1924-07-16 12:00:00,-1.0697199,0.18110382556915283
1924-08-16 12:00:00,-0.109004736,0.9607151746749878
1924-09-16 00:00:00,0.7042309,0.8132356405258179
1924-10-16 12:00:00,0.7163229,0.012091994285583496
1924-11-16 00:00:00,0.50474024,-0.21158266067504883
1924-12-16 12:00:00,0.43838304,-0.06635719537734985
1925-01-16 12:00:00,0.44476414,0.006381094455718994
1925-02-15 00:00:00,0.37898558,-0.06577855348587036
1925-03-16 12:00:00,0.29630882,-0.08267676830291748
1925-04-16 00:00:00,-0.04399224,-0.3403010554611683
1925-05-16 12:00:00,-0.5377514,-0.493759136646986
1925-06-16 00:00:00,-1.245238,-0.7074865698814392
1925-07-16 12:00:00,-1.1093731,0.13586485385894775
1925-08-16 12:00:00,-0.12914646,0.9802266359329224
1925-09-16 00:00:00,0.6359944,0.7651408314704895
1925-10-16 12:00:00,0.73333865,0.0973442792892456
1925-11-16 00:00:00,0.5432115,-0.19012713432312012
1925-12-16 12:00:00,0.45193845,-0.09127306938171387
1926-01-16 12:00:00,0.4960016,0.04406315088272095
1926-02-15 00:00:00,0.48178148,-0.014220118522644043
1926-03-16 12:00:00,0.42023668,-0.06154480576515198
1926-04-16 00:00:00,0.046851497,-0.3733851797878742
1926-05-16 12:00:00,-0.59395456,-0.6408060602843761
1926-06-16 00:00:00,-1.2919652,-0.6980106830596924
1926-07-16 12:00:00,-1.1242194,0.16774582862854004
1926-08-16 12:00:00,-0.01817879,1.1060406267642975
1926-09-16 00:00:00,0.8488121,0.8669908940792084
1926-10-16 12:00:00,0.80912936,-0.039682745933532715
1926-11-16 00:00:00,0.5303715,-0.27875787019729614
1926-12-16 12:00:00,0.56872267,0.03835117816925049
1927-01-16 12:00:00,0.51562315,-0.05309951305389404
1927-02-15 00:00:00,0.4666938,-0.048929363489151
1927-03-16 12:00:00,0.42704314,-0.03965064883232117
1927-04-16 00:00:00,-0.025906015,-0.4529491551220417
1927-05-16 12:00:00,-0.5253128,-0.49940676614642143
1927-06-16 00:00:00,-1.2059687,-0.6806559562683105
1927-07-16 12:00:00,-1.0195119,0.1864567995071411
1927-08-16 12:00:00,-0.044766337,0.9747456014156342
1927-09-16 00:00:00,0.7096665,0.7544328272342682
1927-10-16 12:00:00,0.7445144,0.034847915172576904
1927-11-16 00:00:00,0.4717461,-0.2727683186531067
1927-12-16 12:00:00,0.47875255,0.007006466388702393
1928-01-16 12:00:00,0.46517402,-0.013578534126281738
1928-02-15 00:00:00,0.4553038,-0.00987023115158081
1928-03-16 12:00:00,0.36223772,-0.09306606650352478
1928-04-16 00:00:00,0.040982604,-0.3212551176548004
1928-05-16 12:00:00,-0.59784615,-0.6388287544250488
1928-06-16 00:00:00,-1.2839125,-0.6860663890838623
1928-07-16 12:00:00,-0.9840149,0.29989761114120483
1928-08-16 12:00:00,-0.061740443,0.9222744852304459
1928-09-16 00:00:00,0.63672966,0.6984701007604599
1928-10-16 12:00:00,0.679049,0.04231935739517212
1928-11-16 00:00:00,0.5821645,-0.09688448905944824
1928-12-16 12:00:00,0.5299394,-0.05222511291503906
1929-01-16 12:00:00,0.4782976,-0.05164182186126709
1929-02-15 00:00:00,0.4540249,-0.024272680282592773
1929-03-16 12:00:00,0.37894255,-0.07508236169815063
1929-04-16 00:00:00,-0.0020853728,-0.3810279220342636
1929-05-16 12:00:00,-0.55761725,-0.5555318742990494
1929-06-16 00:00:00,-1.2963209,-0.7387036681175232
1929-07-16 12:00:00,-1.1290809,0.16724002361297607
1929-08-16 12:00:00,-0.1292659,0.9998149871826172
1929-09-16 00:00:00,0.69508016,0.8243460655212402
1929-10-16 12:00:00,0.73148686,0.03640669584274292
1929-11-16 00:00:00,0.6130674,-0.11841946840286255
1929-12-16 12:00:00,0.4951558,-0.11791157722473145
1930-01-16 12:00:00,0.43952307,-0.05563274025917053
1930-02-15 00:00:00,0.3795255,-0.05999755859375
1930-03-16 12:00:00,0.46493825,0.08541274070739746
1930-04-16 00:00:00,0.0019636452,-0.4629746079444885
1930-05-16 12:00:00,-0.57870585,-0.580669492483139
1930-06-16 00:00:00,-1.2619435,-0.683237612247467
1930-07-16 12:00:00,-1.1599625,0.10198092460632324
1930-08-16 12:00:00,-0.26582932,0.8941332101821899
1930-09-16 00:00:00,0.51496243,0.7807917594909668
1930-10-16 12:00:00,0.66052514,0.14556270837783813
1930-11-16 00:00:00,0.52566737,-0.13485777378082275
1930-12-16 12:00:00,0.42878664,-0.09688073396682739
1931-01-16 12:00:00,0.40198666,-0.02679997682571411
1931-02-15 00:00:00,0.4450036,0.0430169403553009
1931-03-16 12:00:00,0.37861842,-0.0663851797580719
1931-04-16 00:00:00,0.067067325,-0.3115510940551758
1931-05-16 12:00:00,-0.49704847,-0.5641157925128937
1931-06-16 00:00:00,-1.2383915,-0.7413430511951447
1931-07-16 12:00:00,-1.0766153,0.16177618503570557
1931-08-16 12:00:00,-0.1301975,0.9464178383350372
1931-09-16 00:00:00,0.7199876,0.8501850664615631
1931-10-16 12:00:00,0.7721215,0.052133917808532715
1931-11-16 00:00:00,0.51069915,-0.261422336101532
1931-12-16 12:00:00,0.5151359,0.0044367313385009766
1932-01-16 12:00:00,0.5407139,0.025578022003173828
1932-02-15 00:00:00,0.49993342,-0.040780484676361084
1932-03-16 12:00:00,0.3711071,-0.1288263201713562
1932-04-16 00:00:00,-0.009026408,-0.3801335096359253
1932-05-16 12:00:00,-0.54044545,-0.531419038772583
1932-06-16 00:00:00,-1.2996852,-0.7592397928237915
1932-07-16 12:00:00,-1.1168855,0.18279969692230225
1932-08-16 12:00:00,-0.14690936,0.9699761867523193
1932-09-16 00:00:00,0.65688616,0.8037955164909363
1932-10-16 12:00:00,0.7485538,0.09166765213012695
1932-11-16 00:00:00,0.50412285,-0.24443095922470093
1932-12-16 12:00:00,0.52359825,0.01947540044784546
1933-01-16 12:00:00,0.50637233,-0.017225921154022217
1933-02-15 00:00:00,0.41707462,-0.08929771184921265
1933-03-16 12:00:00,0.48296648,0.06589186191558838
1933-04-16 00:00:00,0.025931682,-0.45703480020165443
1933-05-16 12:00:00,-0.5011241,-0.5270557664334774
1933-06-16 00:00:00,-1.2151557,-0.7140316367149353
1933-07-16 12:00:00,-1.0949544,0.12020134925842285
1933-08-16 12:00:00,-0.16198605,0.9329683184623718
1933-09-16 00:00:00,0.65335,0.8153360486030579
1933-10-16 12:00:00,0.72924936,0.07589936256408691
1933-11-16 00:00:00,0.5292577,-0.1999916434288025
1933-12-16 12:00:00,0.49259403,-0.03666368126869202
1934-01-16 12:00:00,0.5209171,0.028323084115982056
1934-02-15 00:00:00,0.54400575,0.02308863401412964
1934-03-16 12:00:00,0.44726315,-0.09674260020256042
1934-04-16 00:00:00,0.0831841,-0.364079050719738
1934-05-16 12:00:00,-0.47564557,-0.5588296726346016
1934-06-16 00:00:00,-1.2221712,-0.7465256154537201
1934-07-16 12:00:00,-1.1134219,0.10874927043914795
1934-08-16 12:00:00,-0.0987353,1.0146866142749786
1934-09-16 00:00:00,0.6323509,0.7310862243175507
1934-10-16 12:00:00,0.7909239,0.1585729718208313
1934-11-16 00:00:00,0.5856645,-0.20525938272476196
1934-12-16 12:00:00,0.43006942,-0.1555950939655304
1935-01-16 12:00:00,0.44197178,0.01190236210823059
1935-02-15 00:00:00,0.43396863,-0.008003145456314087
1935-03-16 12:00:00,0.39024365,-0.04372498393058777
1935-04-16 00:00:00,0.077018246,-0.3132254034280777
1935-05-16 12:00:00,-0.44067824,-0.5176964849233627
1935-06-16 00:00:00,-1.1929111,-0.7522329092025757
1935-07-16 12:00:00,-1.0152804,0.17763078212738037
1935-08-16 12:00:00,-0.08080803,0.9344723373651505
1935-09-16 00:00:00,0.6184193,0.6992273181676865
1935-10-16 12:00:00,0.7759723,0.15755301713943481
1935-11-16 00:00:00,0.582139,-0.19383329153060913
1935-12-16 12:00:00,0.5217557,-0.06038331985473633
1936-01-16 12:00:00,0.49691087,-0.024844825267791748
1936-02-15 00:00:00,0.45666158,-0.0402492880821228
1936-03-16 12:00:00,0.37810498,-0.0785565972328186
1936-04-16 00:00:00,0.055074565,-0.32303041964769363
1936-05-16 12:00:00,-0.509161,-0.5642355605959892
1936-06-16 00:00:00,-1.3142936,-0.8051326274871826
1936-07-16 12:00:00,-1.2000604,0.11423325538635254
1936-08-16 12:00:00,-0.22375572,0.9763046503067017
1936-09-16 00:00:00,0.6223876,0.8461433053016663
1936-10-16 12:00:00,0.6289809,0.006593286991119385
1936-11-16 00:00:00,0.5044907,-0.12449020147323608
1936-12-16 12:00:00,0.5175831,0.013092398643493652
1937-01-16 12:00:00,0.42029524,-0.09728783369064331
1937-02-15 00:00:00,0.42336282,0.003067582845687866
1937-03-16 12:00:00,0.34131604,-0.08204677700996399
1937-04-16 00:00:00,0.04790715,-0.2934088930487633
1937-05-16 12:00:00,-0.44883692,-0.4967440739274025
1937-06-16 00:00:00,-1.3548769,-0.9060399532318115
1937-07-16 12:00:00,-1.1230294,0.23184752464294434
1937-08-16 12:00:00,-0.045158744,1.0778706073760986
1937-09-16 00:00:00,0.6894753,0.7346340417861938
1937-10-16 12:00:00,0.73600376,0.04652845859527588
1937-11-16 00:00:00,0.5136943,-0.22230947017669678
1937-12-16 12:00:00,0.41335794,-0.10033634305000305
1938-01-16 12:00:00,0.4504572,0.037099242210388184
1938-02-15 00:00:00,0.4683235,0.017866313457489014
1938-03-16 12:00:00,0.34474912,-0.12357437610626221
1938-04-16 00:00:00,0.020274132,-0.3244749903678894
1938-05-16 12:00:00,-0.5278317,-0.5481058061122894
1938-06-16 00:00:00,-1.2650151,-0.7371834516525269
1938-07-16 12:00:00,-1.0432326,0.22178256511688232
1938-08-16 12:00:00,-0.009397,1.0338355600833893
1938-09-16 00:00:00,0.76690423,0.776301234960556
1938-10-16 12:00:00,0.7516322,-0.015272021293640137
1938-11-16 00:00:00,0.5714589,-0.1801733374595642
1938-12-16 12:00:00,0.54955405,-0.021904826164245605
1939-01-16 12:00:00,0.50465554,-0.04489850997924805
1939-02-15 00:00:00,0.47090495,-0.03375059366226196
1939-03-16 12:00:00,0.38568202,-0.08522292971611023
1939-04-16 00:00:00,0.04795891,-0.33772310614585876
1939-05-16 12:00:00,-0.54473174,-0.592690646648407
1939-06-16 00:00:00,-1.2925886,-0.747856855392456
1939-07-16 12:00:00,-1.180938,0.11165058612823486
1939-08-16 12:00:00,-0.16946623,1.0114717781543732
1939-09-16 00:00:00,0.59994906,0.7694152891635895
1939-10-16 12:00:00,0.71461827,0.11466920375823975
1939-11-16 00:00:00,0.48631597,-0.22830229997634888
1939-12-16 12:00:00,0.3701809,-0.11613506078720093
1940-01-16 12:00:00,0.41399887,0.04381796717643738
1940-02-15 00:00:00,0.46050736,0.04650849103927612
1940-03-16 12:00:00,0.43401313,-0.026494234800338745
1940-04-16 00:00:00,0.047386877,-0.3866262510418892
1940-05-16 12:00:00,-0.58021104,-0.6275979205965996
1940-06-16 00:00:00,-1.3784609,-0.7982498407363892
1940-07-16 12:00:00,-1.2132783,0.16518259048461914
1940-08-16 12:00:00,-0.15166293,1.0616153627634048
1940-09-16 00:00:00,0.66268,0.8143429011106491
1940-10-16 12:00:00,0.6838181,0.021138131618499756
1940-11-16 00:00:00,0.5329054,-0.15091270208358765
1940-12-16 12:00:00,0.5227988,-0.01010662317276001
1941-01-16 12:00:00,0.4525718,-0.07022696733474731
1941-02-15 00:00:00,0.448668,-0.003903806209564209
1941-03-16 12:00:00,0.39437824,-0.05428975820541382
1941-04-16 00:00:00,0.0846363,-0.30974194407463074
1941-05-16 12:00:00,-0.5021021,-0.5867383778095245
1941-06-16 00:00:00,-1.3441682,-0.8420661091804504
1941-07-16 12:00:00,-1.1898799,0.15428829193115234
1941-08-16 12:00:00,-0.19141862,0.9984612762928009
1941-09-16 00:00:00,0.61925477,0.8106733858585358
1941-10-16 12:00:00,0.8051097,0.18585491180419922
1941-11-16 00:00:00,0.5340203,-0.2710893750190735
1941-12-16 12:00:00,0.53582394,0.0018036365509033203
1942-01-16 12:00:00,0.5175743,-0.01824963092803955
1942-02-15 00:00:00,0.4348724,-0.0827019214630127
1942-03-16 12:00:00,0.5292825,0.09441012144088745
1942-04-16 00:00:00,0.036056947,-0.4932255633175373
1942-05-16 12:00:00,-0.4440096,-0.48006654903292656
1942-06-16 00:00:00,-1.1075336,-0.6635239720344543
1942-07-16 12:00:00,-0.96067727,0.14685630798339844
1942-08-16 12:00:00,-0.11914429,0.841532975435257
1942-09-16 00:00:00,0.67402816,0.7931724488735199
1942-10-16 12:00:00,0.7356569,0.061628758907318115
1942-11-16 00:00:00,0.52494067,-0.21071624755859375
1942-12-16 12:00:00,0.50484866,-0.020092010498046875
1943-01-16 12:00:00,0.57119644,0.06634777784347534
1943-02-15 00:00:00,0.49537867,-0.0758177638053894
1943-03-16 12:00:00,0.42881334,-0.06656533479690552
1943-04-16 00:00:00,0.07155971,-0.35725362598896027
1943-05-16 12:00:00,-0.5592024,-0.6307620853185654
1943-06-16 00:00:00,-1.3530021,-0.7937996983528137
1943-07-16 12:00:00,-1.1915022,0.16149985790252686
1943-08-16 12:00:00,-0.023675412,1.1678268015384674
1943-09-16 00:00:00,0.7775381,0.8012135326862335
1943-10-16 12:00:00,0.84481406,0.06727594137191772
1943-11-16 00:00:00,0.47568956,-0.36912450194358826
1943-12-16 12:00:00,0.49292898,0.017239421606063843
1944-01-16 12:00:00,0.45146307,-0.04146590828895569
1944-02-15 00:00:00,0.4127453,-0.03871777653694153
1944-03-16 12:00:00,0.3292132,-0.08353209495544434
1944-04-16 00:00:00,0.034578893,-0.29463430866599083
1944-05-16 12:00:00,-0.6008128,-0.6353916861116886
1944-06-16 00:00:00,-1.3314836,-0.7306708097457886
1944-07-16 12:00:00,-1.221399,0.1100846529006958
1944-08-16 12:00:00,-0.14338303,1.078015923500061
1944-09-16 00:00:00,0.7479593,0.8913423418998718
1944-10-16 12:00:00,0.7805203,0.03256100416183472
1944-11-16 00:00:00,0.63162524,-0.14889508485794067
1944-12-16 12:00:00,0.5900764,-0.041548848152160645
1945-01-16 12:00:00,0.5347782,-0.05529820919036865
1945-02-15 00:00:00,0.5066579,-0.02812027931213379
1945-03-16 12:00:00,0.47894233,-0.027715563774108887
1945-04-16 00:00:00,0.06883223,-0.41011010110378265
1945-05-16 12:00:00,-0.5400129,-0.608845129609108
1945-06-16 00:00:00,-1.24688,-0.7068671584129333
1945-07-16 12:00:00,-1.0963955,0.15048456192016602
1945-08-16 12:00:00,-0.06807876,1.0283167362213135
1945-09-16 00:00:00,0.8870511,0.955129861831665
1945-10-16 12:00:00,0.8689731,-0.0180780291557312
1945-11-16 00:00:00,0.5159676,-0.35300546884536743
1945-12-16 12:00:00,0.49741936,-0.018548250198364258
1946-01-16 12:00:00,0.45200473,-0.045414626598358154
1946-02-15 00:00:00,0.45098335,-0.0010213851928710938
1946-03-16 12:00:00,0.39984342,-0.05113992094993591
1946-04-16 00:00:00,0.023238372,-0.3766050525009632
1946-05-16 12:00:00,-0.5290124,-0.5522507540881634
1946-06-16 00:00:00,-1.2481399,-0.7191274762153625
1946-07-16 12:00:00,-1.2414298,0.006710052490234375
1946-08-16 12:00:00,-0.14264907,1.0987807363271713
1946-09-16 00:00:00,0.65163,0.7942790538072586
1946-10-16 12:00:00,0.8497526,0.19812262058258057
1946-11-16 00:00:00,0.6463422,-0.20341038703918457
1946-12-16 12:00:00,0.5023151,-0.14402711391448975
1947-01-16 12:00:00,0.58580947,0.08349436521530151
1947-02-15 00:00:00,0.5386056,-0.047203898429870605
1947-03-16 12:00:00,0.49917424,-0.03943133354187012
1947-04-16 00:00:00,0.08950653,-0.4096677079796791
1947-05-16 12:00:00,-0.47636718,-0.5658737048506737
1947-06-16 00:00:00,-1.3199532,-0.8435860276222229
1947-07-16 12:00:00,-1.1387966,0.18115663528442383
1947-08-16 12:00:00,-0.02328886,1.1155077069997787
1947-09-16 00:00:00,0.77974504,0.8030339032411575
1947-10-16 12:00:00,0.79813266,0.01838761568069458
1947-11-16 00:00:00,0.5673316,-0.2308010458946228
1947-12-16 12:00:00,0.43422845,-0.1331031620502472
1948-01-16 12:00:00,0.4140267,-0.02020174264907837
1948-02-15 00:00:00,0.38763353,-0.02639317512512207
1948-03-16 12:00:00,0.34046867,-0.047164857387542725
1948-04-16 00:00:00,-0.020815967,-0.3612846415489912
1948-05-16 12:00:00,-0.6271725,-0.6063565630465746
1948-06-16 00:00:00,-1.3350734,-0.7079008221626282
1948-07-16 12:00:00,-1.1004316,0.23464179039001465
1948-08-16 12:00:00,-0.041686118,1.0587454438209534
1948-09-16 00:00:00,0.7224133,0.7640994191169739
1948-10-16 12:00:00,0.68983686,-0.03257644176483154
1948-11-16 00:00:00,0.60267425,-0.08716261386871338
1948-12-16 12:00:00,0.51743096,-0.08524328470230103
1949-01-16 12:00:00,0.4947438,-0.022687166929244995
1949-02-15 00:00:00,0.44314963,-0.051594167947769165
1949-03-16 12:00:00,0.4400789,-0.0030707120895385742
1949-04-16 00:00:00,-0.024217468,-0.4642963819205761
1949-05-16 12:00:00,-0.6432326,-0.6190151162445545
1949-06-16 00:00:00,-1.3083271,-0.6650944948196411
1949-07-16 12:00:00,-0.9505062,0.35782086849212646
1949-08-16 12:00:00,0.11619325,1.0666994601488113
1949-09-16 00:00:00,0.8924839,0.7762906402349472
1949-10-16 12:00:00,0.9429623,0.05047839879989624
1949-11-16 00:00:00,0.62137246,-0.3215898275375366
1949-12-16 12:00:00,0.58339024,-0.03798222541809082
1950-01-16 12:00:00,0.5724132,-0.010977029800415039
1950-02-15 00:00:00,0.53138375,-0.04102945327758789
1950-03-16 12:00:00,0.4505677,-0.08081606030464172
1950-04-16 00:00:00,0.10017179,-0.35039590299129486
1950-05-16 12:00:00,-0.53423536,-0.6344071477651596
1950-06-16 00:00:00,-1.3465688,-0.8123334646224976
1950-07-16 12:00:00,-1.1998098,0.146759033203125
1950-08-16 12:00:00,-0.12990737,1.0699024200439453
1950-09-16 00:00:00,0.720148,0.8500553965568542
1950-10-16 12:00:00,0.74829817,0.02815014123916626
1950-11-16 00:00:00,0.5367628,-0.21153539419174194
1950-12-16 12:00:00,0.53739226,0.0006294846534729004
1951-01-16 12:00:00,0.47983384,-0.057558417320251465
1951-02-15 00:00:00,0.41234252,-0.0674913227558136
1951-03-16 12:00:00,0.36548626,-0.04685625433921814
1951-04-16 00:00:00,-0.020734506,-0.38622076995670795
1951-05-16 12:00:00,-0.5183077,-0.4975731801241636
1951-06-16 00:00:00,-1.2102524,-0.6919447183609009
1951-07-16 12:00:00,-1.1345878,0.07566463947296143
1951-08-16 12:00:00,-0.031177983,1.10340978205204
1951-09-16 00:00:00,0.82736075,0.8585387319326401
1951-10-16 12:00:00,0.9168029,0.08944213390350342
1951-11-16 00:00:00,0.667768,-0.24903488159179688
1951-12-16 12:00:00,0.60094374,-0.06682425737380981
1952-01-16 12:00:00,0.5629717,-0.03797203302383423
1952-02-15 00:00:00,0.4965175,-0.0664542019367218
1952-03-16 12:00:00,0.3958966,-0.10062089562416077
1952-04-16 00:00:00,0.014271775,-0.3816248383373022
1952-05-16 12:00:00,-0.5849843,-0.5992560777813196
1952-06-16 00:00:00,-1.3725444,-0.7875601053237915
1952-07-16 12:00:00,-1.1515433,0.22100114822387695
1952-08-16 12:00:00,-0.09122625,1.0603170096874237
1952-09-16 00:00:00,0.7470002,0.8382264673709869
1952-10-16 12:00:00,0.73326474,-0.013735473155975342
1952-11-16 00:00:00,0.60626066,-0.12700408697128296
1952-12-16 12:00:00,0.6367606,0.030499935150146484
1953-01-16 12:00:00,0.6054625,-0.03129810094833374
1953-02-15 00:00:00,0.5184039,-0.08705860376358032
1953-03-16 12:00:00,0.4741981,-0.04420578479766846
1953-04-16 00:00:00,0.059234656,-0.4149634465575218
1953-05-16 12:00:00,-0.5318108,-0.5910454764962196
1953-06-16 00:00:00,-1.2513301,-0.719519317150116
1953-07-16 12:00:00,-1.0844908,0.1668393611907959
1953-08-16 12:00:00,0.018086284,1.1025770604610443
1953-09-16 00:00:00,0.7414837,0.7233974039554596
1953-10-16 12:00:00,0.83069754,0.08921384811401367
1953-11-16 00:00:00,0.6011618,-0.2295357584953308
1953-12-16 12:00:00,0.57122886,-0.029932916164398193
1954-01-16 12:00:00,0.43453383,-0.1366950273513794
1954-02-15 00:00:00,0.4809447,0.04641085863113403
1954-03-16 12:00:00,0.37914053,-0.10180416703224182
1954-04-16 00:00:00,0.034415014,-0.34472551196813583
1954-05-16 12:00:00,-0.5098022,-0.5442172363400459
1954-06-16 00:00:00,-1.3517212,-0.8419189453125
1954-07-16 12:00:00,-1.1951609,0.15656030178070068
1954-08-16 12:00:00,-0.15447505,1.0406858175992966
1954-09-16 00:00:00,0.7659718,0.9204468280076981
1954-10-16 12:00:00,0.8711659,0.105194091796875
1954-11-16 00:00:00,0.57102156,-0.3001443147659302
1954-12-16 12:00:00,0.57429105,0.003269493579864502
1955-01-16 12:00:00,0.58898455,0.014693498611450195
1955-02-15 00:00:00,0.5163643,-0.07262027263641357
1955-03-16 12:00:00,0.39282668,-0.12353760004043579
1955-04-16 00:00:00,0.009638218,-0.3831884581595659
1955-05-16 12:00:00,-0.55734724,-0.5669854562729597
1955-06-16 00:00:00,-1.2423836,-0.6850363612174988
1955-07-16 12:00:00,-1.075696,0.16668760776519775
1955-08-16 12:00:00,-0.055708423,1.0199875682592392
1955-09-16 00:00:00,0.8734323,0.9291407018899918
1955-10-16 12:00:00,0.8765557,0.0031234025955200195
1955-11-16 00:00:00,0.46916127,-0.4073944091796875
1955-12-16 12:00:00,0.54257226,0.0734109878540039
1956-01-16 12:00:00,0.5133403,-0.0292319655418396
1956-02-15 00:00:00,0.4440043,-0.06933599710464478
1956-03-16 12:00:00,0.3572474,-0.0867568850517273
1956-04-16 00:00:00,0.060919225,-0.29632818698883057
1956-05-16 12:00:00,-0.5479058,-0.6088250279426575
1956-06-16 00:00:00,-1.2652962,-0.7173904180526733
1956-07-16 12:00:00,-1.107324,0.15797221660614014
1956-08-16 12:00:00,-0.002996698,1.10432730615139
1956-09-16 00:00:00,0.8242613,0.8272580057382584
1956-10-16 12:00:00,0.7773259,-0.04693537950515747
1956-11-16 00:00:00,0.5807471,-0.19657880067825317
1956-12-16 12:00:00,0.6007013,0.019954144954681396
1957-01-16 12:00:00,0.4994126,-0.10128867626190186
1957-02-15 00:00:00,0.5031489,0.0037363171577453613
1957-03-16 12:00:00,0.40469104,-0.09845787286758423
1957-04-16 00:00:00,0.036093492,-0.3685975484549999
1957-05-16 12:00:00,-0.44517905,-0.48127253726124763
1957-06-16 00:00:00,-1.2313784,-0.7861993908882141
1957-07-16 12:00:00,-1.0961028,0.13527560234069824
1957-08-16 12:00:00,-0.06896275,1.0271400809288025
1957-09-16 00:00:00,0.77976,0.8487227559089661
1957-10-16 12:00:00,0.8220724,0.0423123836517334
1957-11-16 00:00:00,0.66886646,-0.15320593118667603
1957-12-16 12:00:00,0.67941535,0.010548889636993408
1958-01-16 12:00:00,0.58033335,-0.09908199310302734
1958-02-15 00:00:00,0.58113325,0.0007998943328857422
1958-03-16 12:00:00,0.4748512,-0.1062820553779602
1958-04-16 00:00:00,0.119175464,-0.35567572712898254
1958-05-16 12:00:00,-0.50304216,-0.6222176253795624
1958-06-16 00:00:00,-1.1409693,-0.6379271149635315
1958-07-16 12:00:00,-1.0192832,0.12168610095977783
1958-08-16 12:00:00,0.042809904,1.0620930790901184
1958-09-16 00:00:00,0.75313544,0.7103255391120911
1958-10-16 12:00:00,0.9550733,0.20193785429000854
1958-11-16 00:00:00,0.6414663,-0.31360697746276855
1958-12-16 12:00:00,0.49082795,-0.1506383717060089
1959-01-16 12:00:00,0.48449284,-0.00633510947227478
1959-02-15 00:00:00,0.53497136,0.05047851800918579
1959-03-16 12:00:00,0.4690073,-0.06596404314041138
1959-04-16 00:00:00,0.034686856,-0.43432045727968216
1959-05-16 12:00:00,-0.45270535,-0.48739220947027206
1959-06-16 00:00:00,-1.3649929,-0.9122875034809113
1959-07-16 12:00:00,-1.0509318,0.3140610456466675
1959-08-16 12:00:00,-0.036257625,1.014674186706543
1959-09-16 00:00:00,0.91147995,0.9477375745773315
1959-10-16 12:00:00,0.9653686,0.053888678550720215
1959-11-16 00:00:00,0.65119797,-0.3141706585884094
1959-12-16 12:00:00,0.64154536,-0.00965261459350586
1960-01-16 12:00:00,0.60014856,-0.04139679670333862
1960-02-15 00:00:00,0.5492873,-0.050861239433288574
1960-03-16 12:00:00,0.43767565,-0.11161166429519653
1960-04-16 00:00:00,0.050229505,-0.3874461501836777
1960-05-16 12:00:00,-0.59538585,-0.645615354180336
1960-06-16 00:00:00,-1.3080536,-0.7126677632331848
1960-07-16 12:00:00,-1.116389,0.19166457653045654
1960-08-16 12:00:00,0.013197631,1.1295866668224335
1960-09-16 00:00:00,0.85435104,0.8411534130573273
1960-10-16 12:00:00,0.8155389,-0.03881216049194336
1960-11-16 00:00:00,0.672853,-0.1426858901977539
1960-12-16 12:00:00,0.6620538,-0.010799169540405273
1961-01-16 12:00:00,0.5846836,-0.07737022638320923
1961-02-15 00:00:00,0.5465846,-0.03809899091720581
1961-03-16 12:00:00,0.5437023,-0.0028823018074035645
1961-04-16 00:00:00,0.055717226,-0.4879850782454014
1961-05-16 12:00:00,-0.6509735,-0.7066907249391079
1961-06-16 00:00:00,-1.3344939,-0.6835203766822815
1961-07-16 12:00:00,-1.0111343,0.3233596086502075
1961-08-16 12:00:00,0.104129,1.1152632683515549
1961-09-16 00:00:00,0.9435646,0.8394355922937393
1961-10-16 12:00:00,0.95462686,0.011062264442443848
1961-11-16 00:00:00,0.7049725,-0.2496543526649475
1961-12-16 12:00:00,0.63954085,-0.06543165445327759
1962-01-16 12:00:00,0.65704083,0.017499983310699463
1962-02-15 00:00:00,0.56140655,-0.09563428163528442
1962-03-16 12:00:00,0.3953546,-0.1660519540309906
1962-04-16 00:00:00,-0.0023591109,-0.39771370962262154
1962-05-16 12:00:00,-0.5009268,-0.49856768175959587
1962-06-16 00:00:00,-1.3501735,-0.8492466807365417
1962-07-16 12:00:00,-1.0542848,0.29588866233825684
1962-08-16 12:00:00,0.0370349,1.0913197100162506
1962-09-16 00:00:00,0.8887112,0.8516763150691986
1962-10-16 12:00:00,0.90538627,0.016675055027008057
1962-11-16 00:00:00,0.68439126,-0.2209950089454651
1962-12-16 12:00:00,0.6147272,-0.06966406106948853
1963-01-16 12:00:00,0.48546958,-0.12925761938095093
1963-02-15 00:00:00,0.5218618,0.0363922119140625
1963-03-16 12:00:00,0.42376631,-0.09809547662734985
1963-04-16 00:00:00,-0.03756167,-0.4613279849290848
1963-05-16 12:00:00,-0.59372795,-0.5561662763357162
1963-06-16 00:00:00,-1.3956038,-0.8018758296966553
1963-07-16 12:00:00,-1.1514193,0.2441844940185547
1963-08-16 12:00:00,-0.034131706,1.1172875761985779
1963-09-16 00:00:00,0.7666143,0.8007460236549377
1963-10-16 12:00:00,0.8571915,0.09057718515396118
1963-11-16 00:00:00,0.7079954,-0.1491960883140564
1963-12-16 12:00:00,0.559327,-0.14866840839385986
1964-01-16 12:00:00,0.6031951,0.043868064880371094
1964-02-15 00:00:00,0.63423634,0.031041264533996582
1964-03-16 12:00:00,0.48781684,-0.146419495344162
1964-04-16 00:00:00,0.056551244,-0.43126559630036354
1964-05-16 12:00:00,-0.6014516,-0.658002819865942
1964-06-16 00:00:00,-1.4048481,-0.8033965229988098
1964-07-16 12:00:00,-1.0845215,0.320326566696167
1964-08-16 12:00:00,-0.076785415,1.0077361166477203
1964-09-16 00:00:00,0.785837,0.8626224100589752
1964-10-16 12:00:00,0.86086744,0.07503044605255127
1964-11-16 00:00:00,0.5890577,-0.27180975675582886
1964-12-16 12:00:00,0.6331462,0.044088542461395264
1965-01-16 12:00:00,0.5852283,-0.04791790246963501
1965-02-15 00:00:00,0.53387463,-0.05135369300842285
1965-03-16 12:00:00,0.502727,-0.031147658824920654
1965-04-16 00:00:00,0.058525138,-0.44420183449983597
1965-05-16 12:00:00,-0.59762347,-0.6561486050486565
1965-06-16 00:00:00,-1.316541,-0.7189174890518188
1965-07-16 12:00:00,-1.1740639,0.14247703552246094
1965-08-16 12:00:00,-0.027305722,1.1467581987380981
1965-09-16 00:00:00,0.77513754,0.802443265914917
1965-10-16 12:00:00,0.889182,0.1140444278717041
1965-11-16 00:00:00,0.5808572,-0.30832475423812866
1965-12-16 12:00:00,0.65712905,0.07627183198928833
1966-01-16 12:00:00,0.6531006,-0.004028439521789551
1966-02-15 00:00:00,0.66694725,0.013846635818481445
1966-03-16 12:00:00,0.48424676,-0.1827004849910736
1966-04-16 00:00:00,0.03300059,-0.4512461721897125
1966-05-16 12:00:00,-0.61480904,-0.647809624671936
1966-06-16 00:00:00,-1.4186053,-0.8037962913513184
1966-07-16 12:00:00,-1.1581753,0.2604299783706665
1966-08-16 12:00:00,-0.0551672,1.1030081510543823
1966-09-16 00:00:00,0.6922255,0.7473927140235901
1966-10-16 12:00:00,0.8103927,0.11816716194152832
1966-11-16 00:00:00,0.5000997,-0.31029295921325684
1966-12-16 12:00:00,0.61181426,0.11171454191207886
1967-01-16 12:00:00,0.62050664,0.008692383766174316
1967-02-15 00:00:00,0.55437577,-0.0661308765411377
1967-03-16 12:00:00,0.43079796,-0.12357780337333679
1967-04-16 00:00:00,-0.0053402297,-0.43613819405436516
1967-05-16 12:00:00,-0.6293746,-0.6240343935787678
1967-06-16 00:00:00,-1.488808,-0.8594334125518799
1967-07-16 12:00:00,-1.1477476,0.3410604000091553
1967-08-16 12:00:00,-0.13640425,1.011343389749527
1967-09-16 00:00:00,0.58681166,0.7232159078121185
1967-10-16 12:00:00,0.7927402,0.20592856407165527
1967-11-16 00:00:00,0.5446008,-0.24813944101333618
1967-12-16 12:00:00,0.4548348,-0.0897659957408905
1968-01-16 12:00:00,0.45319867,-0.001636117696762085
1968-02-15 00:00:00,0.45883134,0.005632668733596802
1968-03-16 12:00:00,0.29953748,-0.15929386019706726
1968-04-16 00:00:00,-0.08837247,-0.3879099488258362
1968-05-16 12:00:00,-0.8021195,-0.7137470245361328
1968-06-16 00:00:00,-1.5082471,-0.7061276435852051
1968-07-16 12:00:00,-1.2788938,0.22935330867767334
1968-08-16 12:00:00,-0.20056069,1.0783331394195557
1968-09-16 00:00:00,0.6473981,0.8479588031768799
1968-10-16 12:00:00,0.73673135,0.08933323621749878
1968-11-16 00:00:00,0.55204016,-0.1846911907196045
1968-12-16 12:00:00,0.5341503,-0.017889857292175293
1969-01-16 12:00:00,0.6011082,0.06695789098739624
1969-02-15 00:00:00,0.59030664,-0.010801553726196289
1969-03-16 12:00:00,0.43888816,-0.15141847729682922
1969-04-16 00:00:00,0.09496747,-0.3439206928014755
1969-05-16 12:00:00,-0.5136356,-0.6086030453443527
1969-06-16 00:00:00,-1.286048,-0.7724124789237976
1969-07-16 12:00:00,-1.0323021,0.2537459135055542
1969-08-16 12:00:00,0.04171911,1.0740212500095367
1969-09-16 00:00:00,0.7933836,0.7516644895076752
1969-10-16 12:00:00,0.8655821,0.07219851016998291
1969-11-16 00:00:00,0.617146,-0.2484360933303833
1969-12-16 12:00:00,0.60107017,-0.016075849533081055
1970-01-16 12:00:00,0.57382303,-0.027247130870819092
1970-02-15 00:00:00,0.5446984,-0.02912461757659912
1970-03-16 12:00:00,0.3057752,-0.23892322182655334
1970-04-16 00:00:00,0.0052186623,-0.3005565330386162
1970-05-16 12:00:00,-0.6245865,-0.6298051849007607
1970-06-16 00:00:00,-1.4422418,-0.8176552653312683
1970-07-16 12:00:00,-1.1209294,0.32131242752075195
1970-08-16 12:00:00,-0.0318833,1.089046061038971
1970-09-16 00:00:00,0.888959,0.9208422899246216
1970-10-16 12:00:00,0.7857558,-0.1032031774520874
1970-11-16 00:00:00,0.5781963,-0.2075595259666443
1970-12-16 12:00:00,0.6391504,0.06095409393310547
1971-01-16 12:00:00,0.5702746,-0.06887578964233398
1971-02-15 00:00:00,0.5684923,-0.0017822980880737305
1971-03-16 12:00:00,0.4012208,-0.16727149486541748
1971-04-16 00:00:00,-0.023816153,-0.4250369518995285
1971-05-16 12:00:00,-0.6674431,-0.643626943230629
1971-06-16 00:00:00,-1.368428,-0.7009848952293396
1971-07-16 12:00:00,-1.0817299,0.2866981029510498
1971-08-16 12:00:00,-0.025334895,1.0563949942588806
1971-09-16 00:00:00,0.72382057,0.7491554617881775
1971-10-16 12:00:00,0.79181147,0.06799089908599854
1971-11-16 00:00:00,0.50358975,-0.28822171688079834
1971-12-16 12:00:00,0.5765253,0.07293552160263062
1972-01-16 12:00:00,0.49391702,-0.08260825276374817
1972-02-15 00:00:00,0.48338294,-0.010534077882766724
1972-03-16 12:00:00,0.32520664,-0.15817630290985107
1972-04-16 00:00:00,-0.035964273,-0.3611709102988243
1972-05-16 12:00:00,-0.66918004,-0.6332157626748085
1972-06-16 00:00:00,-1.4933989,-0.8242188692092896
1972-07-16 12:00:00,-1.2476908,0.24570810794830322
1972-08-16 12:00:00,-0.06597273,1.1817180663347244
1972-09-16 00:00:00,0.6240355,0.690008208155632
1972-10-16 12:00:00,0.7805725,0.1565369963645935
1972-11-16 00:00:00,0.63560045,-0.144972026348114
1972-12-16 12:00:00,0.6892594,0.05365896224975586
1973-01-16 12:00:00,0.6430548,-0.04620462656021118
1973-02-15 00:00:00,0.68692684,0.043872058391571045
1973-03-16 12:00:00,0.48103118,-0.20589566230773926
1973-04-16 00:00:00,0.06238467,-0.41864651069045067
1973-05-16 12:00:00,-0.6710424,-0.7334270514547825
1973-06-16 00:00:00,-1.4059737,-0.7349312901496887
1973-07-16 12:00:00,-1.1098102,0.2961634397506714
1973-08-16 12:00:00,0.16901526,1.2788254916667938
1973-09-16 00:00:00,0.97651273,0.8074974715709686
1973-10-16 12:00:00,0.99606574,0.019553005695343018
1973-11-16 00:00:00,0.6838178,-0.3122479319572449
1973-12-16 12:00:00,0.5994615,-0.08435630798339844
1974-01-16 12:00:00,0.5889017,-0.010559797286987305
1974-02-15 00:00:00,0.5540598,-0.03484189510345459
1974-03-16 12:00:00,0.3499071,-0.20415270328521729
1974-04-16 00:00:00,0.013111129,-0.33679597079753876
1974-05-16 12:00:00,-0.6658189,-0.6789300590753555
1974-06-16 00:00:00,-1.4980589,-0.8322399854660034
1974-07-16 12:00:00,-1.122919,0.3751399517059326
1974-08-16 12:00:00,-0.09868106,1.0242379009723663
1974-09-16 00:00:00,0.68832964,0.7870106995105743
1974-10-16 12:00:00,0.79099303,0.10266339778900146
1974-11-16 00:00:00,0.51771533,-0.2732776999473572
1974-12-16 12:00:00,0.63303673,0.11532139778137207
1975-01-16 12:00:00,0.61331,-0.01972675323486328
1975-02-15 00:00:00,0.42892408,-0.18438589572906494
1975-03-16 12:00:00,0.2387177,-0.190206378698349
1975-04-16 00:00:00,-0.021855298,-0.26057300344109535
1975-05-16 12:00:00,-0.7280712,-0.7062159143388271
1975-06-16 00:00:00,-1.5084552,-0.7803839445114136
1975-07-16 12:00:00,-1.1847141,0.32374107837677
1975-08-16 12:00:00,-0.05033952,1.1343745589256287
1975-09-16 00:00:00,0.7767777,0.8271172046661377
1975-10-16 12:00:00,0.81576097,0.038983285427093506
1975-11-16 00:00:00,0.6389007,-0.1768602728843689
1975-12-16 12:00:00,0.5653699,-0.07353079319000244
1976-01-16 12:00:00,0.5297029,-0.03566700220108032
1976-02-15 00:00:00,0.5081784,-0.021524488925933838
1976-03-16 12:00:00,0.33227703,-0.1759013831615448
1976-04-16 00:00:00,-0.06429106,-0.39656808972358704
1976-05-16 12:00:00,-0.7249834,-0.6606923341751099
1976-06-16 00:00:00,-1.3586956,-0.6337122321128845
1976-07-16 12:00:00,-1.2136075,0.1450880765914917
1976-08-16 12:00:00,-0.11604628,1.0975612699985504
1976-09-16 00:00:00,0.5839692,0.7000154554843903
1976-10-16 12:00:00,0.6420114,0.05804222822189331
1976-11-16 00:00:00,0.46959078,-0.17242062091827393
1976-12-16 12:00:00,0.56912714,0.09953635931015015
1977-01-16 12:00:00,0.5547404,-0.01438671350479126
1977-02-15 00:00:00,0.57398856,0.019248127937316895
1977-03-16 12:00:00,0.47704843,-0.09694012999534607
1977-04-16 00:00:00,0.019754268,-0.45729415863752365
1977-05-16 12:00:00,-0.69376355,-0.7135178223252296
1977-06-16 00:00:00,-1.5021794,-0.8084158301353455
1977-07-16 12:00:00,-1.247591,0.25458836555480957
1977-08-16 12:00:00,-0.1351237,1.1124673187732697
1977-09-16 00:00:00,0.69872564,0.8338493406772614
1977-10-16 12:00:00,0.7500252,0.0512995719909668
1977-11-16 00:00:00,0.6321292,-0.11789602041244507
1977-12-16 12:00:00,0.5717428,-0.06038641929626465
1978-01-16 12:00:00,0.5738928,0.0021499991416931152
1978-02-15 00:00:00,0.54617506,-0.0277177095413208
1978-03-16 12:00:00,0.41255766,-0.13361740112304688
1978-04-16 00:00:00,0.04517445,-0.36738321185112
1978-05-16 12:00:00,-0.63360655,-0.6787810027599335
1978-06-16 00:00:00,-1.3879677,-0.7543611526489258
1978-07-16 12:00:00,-1.1065905,0.2813771963119507
1978-08-16 12:00:00,-0.07850546,1.0280850529670715
1978-09-16 00:00:00,0.7840215,0.8625269532203674
1978-10-16 12:00:00,0.75679386,-0.02722764015197754
1978-11-16 00:00:00,0.46551725,-0.29127660393714905
1978-12-16 12:00:00,0.5168576,0.05134037137031555
1979-01-16 12:00:00,0.48347312,-0.033384501934051514
1979-02-15 00:00:00,0.5536311,0.07015800476074219
1979-03-16 12:00:00,0.3846032,-0.1690279245376587
1979-04-16 00:00:00,0.0037536249,-0.38084957748651505
1979-05-16 12:00:00,-0.51782143,-0.5215750560164452
1979-06-16 00:00:00,-1.3302754,-0.8124539852142334
1979-07-16 12:00:00,-1.2152264,0.11504900455474854
1979-08-16 12:00:00,-0.1235213,1.0917051136493683
1979-09-16 00:00:00,0.76996285,0.8934841454029083
1979-10-16 12:00:00,0.77917576,0.009212911128997803
1979-11-16 00:00:00,0.57045645,-0.20871931314468384
1979-12-16 12:00:00,0.6976874,0.1272309422492981
1980-01-16 12:00:00,0.5743318,-0.12335556745529175
1980-02-15 00:00:00,0.58199763,0.007665812969207764
1980-03-16 12:00:00,0.37614816,-0.20584946870803833
1980-04-16 00:00:00,0.053340346,-0.32280781865119934
1980-05-16 12:00:00,-0.62327397,-0.6766143143177032
1980-06-16 00:00:00,-1.4487973,-0.8255233764648438
1980-07-16 12:00:00,-1.1470424,0.3017549514770508
1980-08-16 12:00:00,-0.04731503,1.0997273623943329
1980-09-16 00:00:00,0.7328438,0.7801588475704193
1980-10-16 12:00:00,0.7582598,0.02541595697402954
1980-11-16 00:00:00,0.54366875,-0.21459102630615234
1980-12-16 12:00:00,0.5876551,0.043986380100250244
1981-01-16 12:00:00,0.5988246,0.011169493198394775
1981-02-15 00:00:00,0.51252997,-0.08629465103149414
1981-03-16 12:00:00,0.3792026,-0.13332736492156982
1981-04-16 00:00:00,-0.029907446,-0.40911005064845085
1981-05-16 12:00:00,-0.6989992,-0.6690917797386646
1981-06-16 00:00:00,-1.386085,-0.6870858073234558
1981-07-16 12:00:00,-1.1820587,0.20402634143829346
1981-08-16 12:00:00,-0.15419911,1.0278595834970474
1981-09-16 00:00:00,0.6342487,0.7884477823972702
1981-10-16 12:00:00,0.7913716,0.1571229100227356
1981-11-16 00:00:00,0.62937075,-0.162000834941864
1981-12-16 12:00:00,0.5740374,-0.05533337593078613
1982-01-16 12:00:00,0.56007344,-0.013963937759399414
1982-02-15 00:00:00,0.53768784,-0.022385597229003906
1982-03-16 12:00:00,0.40225703,-0.13543081283569336
1982-04-16 00:00:00,-0.035114028,-0.43737105280160904
1982-05-16 12:00:00,-0.82898664,-0.7938726171851158
1982-06-16 00:00:00,-1.4909976,-0.662010908126831
1982-07-16 12:00:00,-1.2918868,0.199110746383667
1982-08-16 12:00:00,-0.23936728,1.052519530057907
1982-09-16 00:00:00,0.65884924,0.8982165157794952
1982-10-16 12:00:00,0.69503754,0.03618830442428589
1982-11-16 00:00:00,0.55960315,-0.13543438911437988
1982-12-16 12:00:00,0.66457444,0.10497128963470459
1983-01-16 12:00:00,0.7020327,0.03745824098587036
1983-02-15 00:00:00,0.65027356,-0.05175912380218506
1983-03-16 12:00:00,0.51039934,-0.13987421989440918
1983-04-16 00:00:00,0.0072622746,-0.5031370669603348
1983-05-16 12:00:00,-0.65996766,-0.6672299355268478
1983-06-16 00:00:00,-1.4955758,-0.8356081247329712
1983-07-16 12:00:00,-1.1493356,0.34624016284942627
1983-08-16 12:00:00,-0.13064048,1.0186951458454132
1983-09-16 00:00:00,0.82464945,0.9552899301052094
1983-10-16 12:00:00,0.9037701,0.07912063598632812
1983-11-16 00:00:00,0.59377337,-0.30999672412872314
1983-12-16 12:00:00,0.6011912,0.007417857646942139
1984-01-16 12:00:00,0.5226737,-0.07851749658584595
1984-02-15 00:00:00,0.5575033,0.034829556941986084
1984-03-16 12:00:00,0.41668347,-0.14081981778144836
1984-04-16 00:00:00,0.027761757,-0.38892170786857605
1984-05-16 12:00:00,-0.7055678,-0.7333295345306396
1984-06-16 00:00:00,-1.5677959,-0.8622280955314636
1984-07-16 12:00:00,-1.1910416,0.3767542839050293
1984-08-16 12:00:00,-0.063621044,1.1274205446243286
1984-09-16 00:00:00,0.63360626,0.6972272992134094
1984-10-16 12:00:00,0.78758377,0.15397751331329346
1984-11-16 00:00:00,0.46299708,-0.3245866894721985
1984-12-16 12:00:00,0.5383969,0.07539981603622437
1985-01-16 12:00:00,0.47124726,-0.06714963912963867
1985-02-15 00:00:00,0.46212345,-0.009123802185058594
1985-03-16 12:00:00,0.39556688,-0.06655657291412354
1985-04-16 00:00:00,-0.077188954,-0.4727558344602585
1985-05-16 12:00:00,-0.6803466,-0.6031576544046402
1985-06-16 00:00:00,-1.565599,-0.8852523565292358
1985-07-16 12:00:00,-1.3269544,0.23864459991455078
1985-08-16 12:00:00,-0.037207246,1.2897471189498901
1985-09-16 00:00:00,0.74183244,0.7790396809577942
1985-10-16 12:00:00,0.92578447,0.18395203351974487
1985-11-16 00:00:00,0.476109,-0.44967547059059143
1985-12-16 12:00:00,0.5583405,0.08223149180412292
1986-01-16 12:00:00,0.51639694,-0.04194355010986328
1986-02-15 00:00:00,0.41415673,-0.10224020481109619
1986-03-16 12:00:00,0.27172056,-0.1424361765384674
1986-04-16 00:00:00,-0.09925622,-0.3709767758846283
1986-05-16 12:00:00,-0.8240651,-0.7248088717460632
1986-06-16 00:00:00,-1.6342465,-0.8101813793182373
1986-07-16 12:00:00,-1.4194584,0.21478807926177979
1986-08-16 12:00:00,-0.3429606,1.0764977931976318
1986-09-16 00:00:00,0.5582081,0.901168704032898
1986-10-16 12:00:00,0.7003544,0.1421462893486023
1986-11-16 00:00:00,0.4359577,-0.26439669728279114
1986-12-16 12:00:00,0.5361568,0.10019907355308533
1987-01-16 12:00:00,0.4278684,-0.10828837752342224
1987-02-15 00:00:00,0.4014871,-0.02638128399848938
1987-03-16 12:00:00,0.2873937,-0.11409342288970947
1987-04-16 00:00:00,-0.10892342,-0.39631710946559906
1987-05-16 12:00:00,-0.7366077,-0.6276842504739761
1987-06-16 00:00:00,-1.5309163,-0.7943086624145508
1987-07-16 12:00:00,-1.3885536,0.14236271381378174
1987-08-16 12:00:00,-0.22411385,1.1644397675991058
1987-09-16 00:00:00,0.67899954,0.9031133949756622
1987-10-16 12:00:00,0.7561335,0.07713395357131958
1987-11-16 00:00:00,0.5494414,-0.20669209957122803
1987-12-16 12:00:00,0.6910238,0.1415824294090271
1988-01-16 12:00:00,0.6182823,-0.07274150848388672
1988-02-15 00:00:00,0.5834159,-0.034866392612457275
1988-03-16 12:00:00,0.48326427,-0.1001516580581665
1988-04-16 00:00:00,0.010392413,-0.4728718549013138
1988-05-16 12:00:00,-0.79637265,-0.8067650645971298
1988-06-16 00:00:00,-1.6365074,-0.8401347398757935
1988-07-16 12:00:00,-1.3014425,0.3350648880004883
1988-08-16 12:00:00,-0.10637963,1.1950628757476807
1988-09-16 00:00:00,0.73722535,0.8436049818992615
1988-10-16 12:00:00,0.8090589,0.0718335509300232
1988-11-16 00:00:00,0.4752215,-0.3338373899459839
1988-12-16 12:00:00,0.5055323,0.03031080961227417
1989-01-16 12:00:00,0.5741565,0.06862419843673706
1989-02-15 00:00:00,0.5784385,0.0042819976806640625
1989-03-16 12:00:00,0.30895466,-0.26948386430740356
1989-04-16 00:00:00,-0.10144443,-0.41039908677339554
1989-05-16 12:00:00,-0.9335426,-0.8320981785655022
1989-06-16 00:00:00,-1.687878,-0.7543354034423828
1989-07-16 12:00:00,-1.3936731,0.2942049503326416
1989-08-16 12:00:00,-0.29249293,1.1011801362037659
1989-09-16 00:00:00,0.52669245,0.8191853761672974
1989-10-16 12:00:00,0.7232778,0.19658535718917847
1989-11-16 00:00:00,0.4287762,-0.2945016026496887
1989-12-16 12:00:00,0.50476515,0.07598894834518433
1990-01-16 12:00:00,0.3954892,-0.10927596688270569
1990-02-15 00:00:00,0.5510677,0.15557852387428284
1990-03-16 12:00:00,0.31379148,-0.23727622628211975
1990-04-16 00:00:00,-0.06451323,-0.37830471247434616
1990-05-16 12:00:00,-0.81862056,-0.7541073337197304
1990-06-16 00:00:00,-1.6670365,-0.8484159708023071
1990-07-16 12:00:00,-1.2406847,0.42635178565979004
1990-08-16 12:00:00,-0.24764878,0.9930359721183777
1990-09-16 00:00:00,0.60154617,0.8491949439048767
1990-10-16 12:00:00,0.77298146,0.17143529653549194
1990-11-16 00:00:00,0.57385004,-0.19913142919540405
1990-12-16 12:00:00,0.57477206,0.0009220242500305176
1991-01-16 12:00:00,0.6539841,0.07921206951141357
1991-02-15 00:00:00,0.53660405,-0.11738008260726929
1991-03-16 12:00:00,0.4155407,-0.12106335163116455
1991-04-16 00:00:00,-0.104636714,-0.5201774090528488
1991-05-16 12:00:00,-0.74974585,-0.6451091319322586
1991-06-16 00:00:00,-1.6961586,-0.9464128017425537
1991-07-16 12:00:00,-1.396033,0.3001255989074707
1991-08-16 12:00:00,-0.34809697,1.0479360818862915
1991-09-16 00:00:00,0.67311525,1.0212122201919556
1991-10-16 12:00:00,0.68333983,0.010224580764770508
1991-11-16 00:00:00,0.41844624,-0.2648935914039612
1991-12-16 12:00:00,0.46055144,0.04210519790649414
1992-01-16 12:00:00,0.60714793,0.1465964913368225
1992-02-15 00:00:00,0.49798995,-0.1091579794883728
1992-03-16 12:00:00,0.3748679,-0.12312206625938416
1992-04-16 00:00:00,-0.09442966,-0.46929754316806793
1992-05-16 12:00:00,-0.9277307,-0.8333010226488113
1992-06-16 00:00:00,-1.751363,-0.8236323595046997
1992-07-16 12:00:00,-1.5633359,0.18802714347839355
1992-08-16 12:00:00,-0.37698776,1.1863481402397156
1992-09-16 00:00:00,0.57382464,0.9508123993873596
1992-10-16 12:00:00,0.6606394,0.0868147611618042
1992-11-16 00:00:00,0.5315257,-0.12911373376846313
1992-12-16 12:00:00,0.5646332,0.03310751914978027
1993-01-16 12:00:00,0.5912781,0.026644885540008545
1993-02-15 00:00:00,0.5726439,-0.01863420009613037
1993-03-16 12:00:00,0.32582957,-0.2468143105506897
1993-04-16 00:00:00,-0.12081142,-0.4466409832239151
1993-05-16 12:00:00,-0.845613,-0.7248015850782394
1993-06-16 00:00:00,-1.8043592,-0.9587461948394775
1993-07-16 12:00:00,-1.4704419,0.3339172601699829
1993-08-16 12:00:00,-0.29135585,1.1790860891342163
1993-09-16 00:00:00,0.50824,0.799595832824707
1993-10-16 12:00:00,0.6079999,0.09975993633270264
1993-11-16 00:00:00,0.3979782,-0.2100217342376709
1993-12-16 12:00:00,0.55445004,0.156471848487854
1994-01-16 12:00:00,0.6557671,0.10131704807281494
1994-02-15 00:00:00,0.54329115,-0.1124759316444397
1994-03-16 12:00:00,0.2938674,-0.24942374229431152
1994-04-16 00:00:00,-0.14755785,-0.44142526388168335
1994-05-16 12:00:00,-0.85547024,-0.7079123854637146
1994-06-16 00:00:00,-1.7276208,-0.8721505999565125
1994-07-16 12:00:00,-1.3412545,0.3863663673400879
1994-08-16 12:00:00,-0.28682587,1.054428607225418
1994-09-16 00:00:00,0.736693,1.0235188901424408
1994-10-16 12:00:00,0.8332251,0.09653204679489136
1994-11-16 00:00:00,0.55326045,-0.2799646258354187
1994-12-16 12:00:00,0.6708933,0.11763286590576172
1995-01-16 12:00:00,0.6121589,-0.05873441696166992
1995-02-15 00:00:00,0.5817847,-0.03037416934967041
1995-03-16 12:00:00,0.3419711,-0.23981362581253052
1995-04-16 00:00:00,-0.099579886,-0.44155098497867584
1995-05-16 12:00:00,-0.8558947,-0.7563147991895676
1995-06-16 00:00:00,-1.841044,-0.9851492643356323
1995-07-16 12:00:00,-1.6364547,0.20458924770355225
1995-08-16 12:00:00,-0.33805406,1.298400640487671
1995-09-16 00:00:00,0.6093448,0.947398841381073
1995-10-16 12:00:00,0.7917685,0.18242371082305908
1995-11-16 00:00:00,0.5087652,-0.2830032706260681
1995-12-16 12:00:00,0.53548026,0.02671504020690918
1996-01-16 12:00:00,0.4627361,-0.07274416089057922
1996-02-15 00:00:00,0.40212637,-0.06060972809791565
1996-03-16 12:00:00,0.31119683,-0.0909295380115509
1996-04-16 00:00:00,-0.14473148,-0.455928310751915
1996-05-16 12:00:00,-0.8654187,-0.7206871956586838
1996-06-16 00:00:00,-1.7500904,-0.884671688079834
1996-07-16 12:00:00,-1.5212651,0.22882521152496338
1996-08-16 12:00:00,-0.33906883,1.182196319103241
1996-09-16 00:00:00,0.62434024,0.9634090662002563
1996-10-16 12:00:00,0.7395748,0.11523455381393433
1996-11-16 00:00:00,0.6327316,-0.10684317350387573
1996-12-16 12:00:00,0.5122171,-0.12051451206207275
1997-01-16 12:00:00,0.5283377,0.016120612621307373
1997-02-15 00:00:00,0.5378372,0.00949949026107788
1997-03-16 12:00:00,0.439145,-0.09869220852851868
1997-04-16 00:00:00,-0.1678473,-0.6069923043251038
1997-05-16 12:00:00,-0.9816717,-0.8138243854045868
1997-06-16 00:00:00,-1.873313,-0.8916412591934204
1997-07-16 12:00:00,-1.7140877,0.1592252254486084
1997-08-16 12:00:00,-0.5551455,1.1589422225952148
1997-09-16 00:00:00,0.4515825,1.0067279934883118
1997-10-16 12:00:00,0.69310933,0.24152684211730957
1997-11-16 00:00:00,0.54586446,-0.1472448706626892
1997-12-16 12:00:00,0.592808,0.0469435453414917
1998-01-16 12:00:00,0.6476073,0.05479931831359863
1998-02-15 00:00:00,0.52686787,-0.12073945999145508
1998-03-16 12:00:00,0.39199746,-0.13487040996551514
1998-04-16 00:00:00,-0.06594735,-0.4579448029398918
1998-05-16 12:00:00,-0.7335001,-0.6675527766346931
1998-06-16 00:00:00,-1.5744314,-0.8409312963485718
1998-07-16 12:00:00,-1.3398464,0.23458504676818848
1998-08-16 12:00:00,-0.10990706,1.2299393117427826
1998-09-16 00:00:00,0.6661942,0.7761012613773346
1998-10-16 12:00:00,0.8672875,0.20109331607818604
1998-11-16 00:00:00,0.6107385,-0.25654900074005127
1998-12-16 12:00:00,0.689401,0.0786624550819397
1999-01-16 12:00:00,0.6542859,-0.035115063190460205
1999-02-15 00:00:00,0.55098486,-0.1033010482788086
1999-03-16 12:00:00,0.40554923,-0.145435631275177
1999-04-16 00:00:00,-0.10226693,-0.5078161582350731
1999-05-16 12:00:00,-0.9724388,-0.870171882212162
1999-06-16 00:00:00,-1.8811476,-0.9087088108062744
1999-07-16 12:00:00,-1.5934784,0.28766918182373047
1999-08-16 12:00:00,-0.27953923,1.3139392137527466
1999-09-16 00:00:00,0.6192044,0.8987436294555664
1999-10-16 12:00:00,0.76885617,0.14965176582336426
1999-11-16 00:00:00,0.52798676,-0.240869402885437
1999-12-16 12:00:00,0.5552597,0.027272939682006836
2000-01-16 12:00:00,0.5155134,-0.03974628448486328
2000-02-15 00:00:00,0.5657052,0.05019176006317139
2000-03-16 12:00:00,0.3635016,-0.20220357179641724
2000-04-16 00:00:00,-0.18389687,-0.5473984777927399
2000-05-16 12:00:00,-0.9313222,-0.7474253475666046
2000-06-16 00:00:00,-1.8729706,-0.9416483640670776
2000-07-16 12:00:00,-1.5448929,0.32807767391204834
2000-08-16 12:00:00,-0.23024407,1.31464883685112
2000-09-16 00:00:00,0.61278003,0.8430241048336029
2000-10-16 12:00:00,0.7259711,0.11319106817245483
2000-11-16 00:00:00,0.53276825,-0.19320285320281982
2000-12-16 12:00:00,0.50439703,-0.028371214866638184
