Year,CABLE-POP,CARDAMOM,CLASSIC,CLM-FATES,CLM6.0,DLEM,E3SM,EDv3,ELM-FATES,GDSTEM,IBIS,ISAM,JSBACH,JULES,LPJ-EOSIM,LPJ-GUESS,LPJmL,LPX-Bern,ORCHIDEE,VISIT-UT
1700,0.343370684,,-0.237762082,,0.024061612,-0.60239939,0.229440637,0.943027976,,1.035758688,-0.470867226,-0.08246776,,0.941015231,-0.537074852,-1.52259396,-1.242824087,0.173316162,-0.16397969,0.310268539
1701,-1.215264057,,-1.671904233,0.245441767,-0.316250162,-1.039392641,0.063668679,0.089076355,-0.253369615,-3.150708522,-1.429113679,-0.805540354,-0.866343005,-0.277665561,-0.648664709,-0.32079009,-1.386186605,-0.617976966,-0.325621475,-0.366260131
1702,0.665131124,,2.635826995,-0.03365334,-0.814487314,0.747876249,-0.784257866,0.78683323,-0.113036296,-2.112971209,-1.657001653,-0.890299137,0.287986997,-0.413006277,-0.648657486,-0.736069128,0.473654139,-1.521106471,-0.451487772,-1.783030664
1703,0.971651753,,0.523408672,-0.09579001,0.007276217,0.930547417,0.143674157,0.097140292,0.407195078,-1.040494906,-0.089407228,0.220120258,0.602575532,0.567006942,-0.301006895,1.119192237,1.659894165,-0.083023049,0.487705951,0.084110063
1704,-1.696812402,,-0.588558269,0.482642263,0.225724299,-1.382140309,0.571672506,-0.72678372,-0.083268915,-1.926190971,0.037077187,0.623171723,-2.268869151,0.691644729,0.952130074,0.241158313,-0.381098428,0.747436221,0.006353035,1.122195646
1705,-0.943239213,,0.860502725,-0.369591941,-0.922103367,0.621312774,-0.439538551,-0.531388927,-0.46547792,-1.345627215,-1.13441647,-1.016146625,-1.331776991,-1.069473059,0.227508465,-0.433496082,0.331039269,-0.342261342,-0.667136774,-0.734929822
1706,-0.055981706,,-0.42317073,-0.020415205,0.242476105,0.457894062,-0.192900664,-0.092222343,-0.241107359,-1.432567009,-0.555440959,0.192513802,0.580918071,0.902974327,-0.906714174,-0.343899974,-1.798068291,0.559666694,0.403548394,0.969914286
1707,-0.569803007,,-0.366040182,0.206092266,-0.365855162,0.048971098,0.09500479,-0.59239934,0.179241954,-1.514896257,-0.971938328,-0.102338114,-1.661349369,0.415632387,0.347773809,0.537236454,0.051731353,0.541581918,-0.113345494,0.328080181
1708,-0.370407015,,1.950998647,0.085052515,-0.155006661,-0.075543283,-0.041166652,-0.236992357,-0.052696874,-1.336973591,-0.372909896,-0.043892845,-1.289784905,0.144362439,0.267778523,-1.311777812,-0.040626855,0.5399488,-0.408077388,0.084377296
1709,0.073357912,,1.781376571,0.182787881,-0.266666303,0.314242091,0.048143483,-0.277372787,-0.189149527,-1.704627177,-0.465191591,-0.099968928,-0.68361199,-0.020725749,-0.616237176,-0.771639433,-0.755490073,0.46272569,0.286004481,0.356367145
1710,0.16291048,,-2.072940677,-0.16317926,0.299753749,-0.43550779,0.51757396,-0.139433387,-0.048956221,-1.082262168,-0.162747868,0.118987759,0.48615799,0.589075499,-0.136868551,-0.026459365,0.173671092,0.697460762,-0.168615922,0.673287787
1711,-1.242358552,,-1.564218626,0.615864641,-0.762569346,-0.242359336,-0.240234267,-0.436586091,-0.267857486,-1.711924784,-0.423803974,-0.71782057,-1.780331592,-0.507258612,-0.449765148,-1.487502978,-1.424819979,-1.18889016,-0.607167347,-0.306984156
1712,1.338878868,,-0.587961689,-0.767363775,-0.416845516,-0.239391028,-0.352337109,0.521281701,0.266432008,-0.804032197,-0.580285641,-0.192903904,-0.060318667,-0.236339806,-0.132857405,-1.763967552,-0.158267971,-0.743947767,-0.291632542,-0.853225854
1713,-0.610516792,,-1.023214717,0.066561901,-0.643677851,-0.12388201,0.049972113,-0.626200276,0.083394668,-1.378009426,0.150242715,-0.058560369,-0.974658259,-0.040056992,0.343446525,-1.004161387,2.032561011,-0.406850037,0.042669911,0.410195874
1714,0.358584888,,0.047285018,0.26200868,-0.454169904,-0.565435909,0.068221239,-0.076631251,0.16792273,-1.163676767,-0.651341053,-0.135896924,0.316625557,-0.287250732,0.423716701,-1.216639158,-1.10385014,-0.255977033,0.039703465,-0.584427672
1715,-1.469121702,,0.128302733,-0.467737494,-0.567185621,1.097012448,-0.03727483,-0.949848847,-0.467795515,0.010135565,-0.331448627,-1.141306389,-0.172406215,-1.480318977,-0.870686064,-0.295731633,-0.191118947,-0.23559442,-0.330736395,-0.630165876
1716,0.100561313,,1.122508454,-0.552171229,-0.198437581,1.244299055,-0.424764374,-0.884638,-0.32193828,-0.981325032,-0.392095613,0.2073515,-0.329159402,0.271112369,0.507224599,-0.377590741,0.764241964,-0.002334511,0.187101881,-0.186214679
1717,1.553431192,,-0.770459345,0.222438919,0.176445271,-0.283449931,0.524730923,0.634841105,0.046831922,0.210536084,-0.315221311,0.819130114,1.703561777,1.214216229,0.573908066,0.788358066,-0.681448325,0.429708031,0.681849965,1.83054482
1718,-0.996143231,,-0.772090804,0.953645992,-0.396002934,-1.159543033,0.503413381,-0.229486941,-0.522468574,-0.503032524,-0.641987491,0.237267194,-1.068108349,-0.031226672,-0.258589252,-1.397024519,0.567335406,-0.479105183,-0.498399602,-0.353163416
1719,-0.392579931,,-0.347330496,-0.279774046,-0.944149808,0.468591011,0.002164587,-0.441185948,-0.445839906,0.196881774,-0.441938108,-0.92855768,0.303896042,-1.25845531,0.18686871,-1.568208449,-1.718787534,-0.769931914,-0.482070595,-1.198331864
1720,1.421357477,,0.048754709,0.595501762,-0.212665966,-0.891721765,0.231851477,0.684719519,0.494072931,-0.018012532,-0.076236162,-0.249202044,-0.308198047,0.362601334,0.520097868,-1.020515684,1.200210916,0.13164866,-0.038612716,0.247129526
1721,-0.814518266,,-1.921882005,0.594614069,-0.252878899,-1.233713593,0.07297762,0.03949272,-0.22226333,-1.411838062,-0.306547103,-0.591481784,-2.110988807,-0.556780872,0.419708888,0.270382069,1.118496644,-0.64112921,-0.166831085,-0.377682726
1722,1.003493556,,2.615969004,0.223541442,-0.689259034,0.600850827,-0.781133181,0.793370914,-0.096166997,-0.556851079,-0.909245867,-0.957231907,0.254067305,-0.617717481,0.703831019,-0.215435379,0.834414639,-1.512571581,-0.40106564,-1.780043582
1723,1.183835625,,0.703024302,0.219011971,0.0972009,0.878477002,0.155661443,0.104340055,0.381395069,0.213902084,0.507788902,0.173663492,0.705165993,0.371519942,-1.227449444,1.655565841,0.485660987,-0.082224527,0.50020388,0.12215892
1724,-1.589569361,,-0.622862436,0.742018004,0.276908748,-1.431090117,0.57786121,-0.68493257,0.031663296,-0.566734575,0.546413147,0.59525897,-2.121102494,0.546031937,0.04306887,0.632098829,-0.542477224,0.739039892,0.036551298,1.151954434
1725,-0.782977617,,0.948927527,-0.196728988,-0.870334253,0.562761418,-0.441680748,-0.475218784,-0.101566486,-0.034784212,-0.684385481,-1.011729056,-1.17108554,-1.173525073,-0.213866374,-0.065416478,-1.805563981,-0.292350108,-0.666548016,-0.726853011
1726,0.110415309,,-0.032555955,0.209401038,0.298605361,0.420822657,-0.190674405,-0.028640308,-0.029442457,-0.072713991,-0.146431627,0.19562681,0.791612935,0.809488756,0.176093734,0.125043858,-1.166915156,0.569776185,0.396819132,1.000405494
1727,-0.440632361,,-0.270599739,0.521469819,-0.293226971,0.045451495,0.101382772,-0.506001198,-0.083896347,-0.236787988,-0.606503856,-0.082473446,-1.440754824,0.343916712,-0.191328253,0.985556336,-0.728222179,0.572067814,-0.10970068,0.35444241
1728,-0.271487921,,1.823217898,0.416762266,-0.070036348,-0.085304686,-0.034202208,-0.139790262,0.227072465,0.007467877,-0.039025144,-0.000341764,-1.057535085,0.086097875,0.018859976,-0.686873061,0.920920245,0.571459983,-0.377950105,0.09771897
1729,0.190982783,,1.599362122,0.536333728,-0.1833465,0.313298197,0.047617864,-0.190838162,0.10041485,-0.374551323,-0.16234009,-0.072619209,-0.469371727,-0.072704724,0.41228542,-0.217145336,0.412326842,0.506252069,0.303451891,0.397064295
1730,0.27085037,,-1.966406207,0.105607544,0.38672522,-0.437246574,0.518753253,-0.029375492,0.114014769,0.290924597,0.109051573,0.163992632,0.70944575,0.537729026,0.233004919,0.421611675,0.671643668,0.789496563,-0.145885066,0.691224582
1731,-1.169229927,,-1.740292292,0.852046072,-0.671202749,-0.241582366,-0.234676906,-0.341764233,0.06067989,-0.579480896,-0.176291517,-0.680565858,-1.558971192,-0.545695399,-0.448671024,-1.004111018,-1.581191778,-1.171543964,-0.597626786,-0.295141834
1732,1.447849649,,-0.533101083,-0.489812449,-0.342629647,-0.273685112,-0.339655784,0.604313817,0.715030074,0.002852098,-0.363067005,-0.146738266,0.176320535,-0.274945901,-0.937740131,-1.245313048,0.71665748,-0.693903665,-0.282051493,-0.828840999
1733,-0.537586308,,-1.133838612,0.237835605,-0.567323806,-0.172116834,0.055581625,-0.550826879,0.277061378,-0.778296187,0.34336013,-0.047822339,-0.773275126,-0.08950022,-0.814739322,-0.481968494,0.15948539,-0.365349565,0.034969059,0.416907767
1734,0.409465635,,-0.518451678,0.36483141,-0.393017505,-0.575215919,0.062034789,-0.014683412,0.394809726,-0.64197432,-0.486266919,-0.136052946,0.513467486,-0.353108341,-0.929697359,-0.764477186,0.440941831,-0.233347018,0.025105868,-0.573043978
1735,-1.385785334,,0.100301888,-0.418813548,-0.489260091,1.053743153,-0.043494029,-0.860317503,-0.324801642,0.391802556,-0.187802196,-1.130916612,0.013557384,-1.533767718,-0.398448874,-0.278031033,0.331216581,-0.202807486,-0.331990127,-0.612918585
1736,0.191013636,,1.107792363,-0.51443175,-0.137664194,1.179383215,-0.426491689,-0.835400362,-0.02072534,-0.591976814,-0.279681354,0.195988612,-0.1549782,0.200800406,-0.872376376,-0.342071047,0.337636501,-0.042352286,0.175028786,-0.169934115
1737,1.577699381,,-1.053555789,0.341855542,0.236591565,-0.319914104,0.525298906,0.692695444,-0.05547105,0.508476924,-0.230510465,0.788050456,1.846750719,1.133429022,-0.692188897,0.808386489,-0.727125428,0.446693608,0.660250557,1.835113206
1738,-1.001415241,,-0.698090161,1.047841894,-0.350668519,-1.252645776,0.499703092,-0.161995245,-0.09360315,-0.24303361,-0.588164782,0.207710947,-0.926986665,-0.094939502,0.189262279,-1.401563824,-1.304085052,-0.455406008,-0.516933512,-0.341478474
1739,-0.379601487,,-0.587286909,-0.233815399,-0.888599254,0.380696959,0.000467733,-0.406125022,-0.033581118,0.354716796,-0.413369082,-0.976549317,0.41712995,-1.348214913,-0.170854713,-1.607378262,1.059174007,-0.788916209,-0.512989905,-1.184461469
1740,1.378418099,,-0.281242225,0.530240973,-0.180271348,-1.006881983,0.22665739,0.693508785,0.456958704,0.107440201,-0.066510598,-0.318801825,-0.211444731,0.261384555,0.192478788,-0.956523731,-1.214654147,0.134931773,-0.060648115,0.253249494
1741,-0.898595493,,-1.662929887,0.468682877,-0.249165116,-1.368068763,0.063480738,0.039708141,-0.028093502,-1.340259419,-0.33392565,-0.66182081,-2.01976014,-0.659939201,0.58982979,0.365476126,-1.624236352,-0.667111988,-0.204487134,-0.367901364
1742,0.908147817,,2.341207172,0.159906873,-0.692876797,0.45701865,-0.789378559,0.78203921,0.103741397,-0.492721115,-0.963592373,-1.048179321,0.326592663,-0.731146435,0.288540059,-0.319548757,0.732026623,-1.549750911,-0.441805858,-1.783938232
1743,1.124067606,,0.53882848,0.123114421,0.076057991,0.720823468,0.141574532,0.066133224,0.15472694,0.235028512,0.433072312,0.07024861,0.769224118,0.244051512,-1.118061451,1.539863908,-0.938069448,-0.130399639,0.449554969,0.103295143
1744,-1.716861135,,-0.968325008,0.570990147,0.272310534,-1.580379496,0.565392092,-0.730629786,0.008516197,-0.537522197,0.454751864,0.475901975,-2.053821547,0.411675303,-0.553894023,0.559977671,-0.3980618,0.653980102,-0.01907461,1.154897988
1745,-0.908766229,,0.96607062,-0.248540865,-0.890774416,0.393957758,-0.451143842,-0.539184496,-0.259940874,-0.056112705,-0.783118517,-1.12210334,-1.142363061,-1.306257963,-0.859603287,-0.107381939,-1.542941068,-0.374281139,-0.721662867,-0.726187348
1746,-0.026411014,,0.01259521,-0.016032033,0.268893806,0.243635115,-0.202617094,-0.112427637,-0.157444027,-0.093553202,-0.257411594,0.062334822,0.813597613,0.667023029,0.189665081,0.060569743,-1.280794374,0.553511479,0.330898959,0.982495891
1747,-0.597729214,,-0.624634887,0.32078418,-0.337036942,-0.136396115,0.091315818,-0.602039286,-0.220821329,-0.340041944,-0.728058901,-0.21899368,-1.428942677,0.203261134,-0.841406552,0.928300432,0.852896863,0.502504384,-0.175014142,0.357738195
1748,-0.414332497,,1.765444351,0.136509192,-0.116181607,-0.254190092,-0.051301224,-0.267704212,-0.009436453,-0.109482597,-0.168561975,-0.153000236,-1.043983793,-0.062202824,-0.70933091,-0.780470297,-0.457423654,0.496786973,-0.451026935,0.098301459
1749,0.041646291,,1.693395043,0.313908727,-0.22985338,0.136402104,0.037146164,-0.293209218,-0.17547699,-0.546130499,-0.298629202,-0.219408771,-0.466378251,-0.210333864,-1.909050233,-0.30138685,1.194089818,0.405021049,0.228279421,0.373242562
1750,0.132689078,,-2.464450102,-0.046523606,0.332855395,-0.610649922,0.511837991,-0.141598905,-0.29413909,0.115447286,-0.035131585,0.011461073,0.699114631,0.388854497,-0.615602058,0.257830618,0.666646218,0.660426414,-0.226795389,0.705251762
1751,-1.346449662,,-1.636756235,0.621302733,-0.723143142,-0.386749581,-0.250803411,-0.463564944,-0.327978183,-0.792702039,-0.305514381,-0.829436225,-1.576427827,-0.695801096,0.08497433,-1.055008296,0.141533208,-1.27194602,-0.681330181,-0.314850947
1752,1.274044049,,-0.609662536,-0.705847271,-0.403782066,-0.386616265,-0.354472459,0.469767982,0.497043914,-0.205973542,-0.491733856,-0.294735804,0.167385005,-0.418237736,-1.220457476,-1.37805255,0.122961023,-0.750624229,-0.366680415,-0.864834457
1753,-0.696084414,,-1.184984851,0.08217015,-0.617393117,-0.274798955,0.046223503,-0.671216062,0.103768179,-0.98245817,0.220608449,-0.190814913,-0.769572155,-0.223248762,-0.381113281,-0.661270979,-1.099306556,-0.494096395,-0.04243213,0.405475258
1754,0.279351027,,-0.177570137,0.313657049,-0.454303415,-0.699268017,0.052540384,-0.143118347,0.25590162,-0.826432289,-0.601023274,-0.249733092,0.522417043,-0.473877976,-0.46651652,-0.898831584,-1.923476487,-0.305163987,-0.04922103,-0.59752434
1755,-1.537011348,,-0.081392015,-0.620969052,-0.545331538,0.953184622,-0.054738058,-0.992427539,-0.451452109,0.219365008,-0.291232124,-1.250074788,0.008920514,-1.654221387,-0.337958956,-0.376139835,-0.863711396,-0.263847488,-0.406419981,-0.641908037
1756,0.049128194,,1.138648805,-0.60275754,-0.191020844,1.084432237,-0.4304381,-0.954028983,-0.182780687,-0.722312196,-0.374423855,0.088476211,-0.13875478,0.080834571,0.272724558,-0.465119181,1.524284789,-0.060698521,0.094540376,-0.183287714
1757,1.484672255,,-0.63741713,0.141792411,0.180038597,-0.39221346,0.520084304,0.56093447,0.010575623,0.384872929,-0.31228177,0.688619999,1.850896954,1.01829165,0.163342338,0.786834276,-1.263227891,0.403220642,0.583400568,1.816548185
1758,-1.119148038,,-0.793117267,0.885612928,-0.401359806,-1.295627661,0.492378415,-0.293883163,-0.481836782,-0.350957899,-0.655885079,0.123506507,-0.906089811,-0.190455029,-0.573541007,-1.433032665,1.219371068,-0.485054656,-0.57026193,-0.361132776
1759,-0.466031681,,-0.459459121,-0.406611371,-0.940116974,0.364820201,-0.006693331,-0.519289304,-0.368713483,0.269966997,-0.466388203,-1.022893636,0.444992517,-1.428652544,-1.04677079,-1.573102716,-0.677719987,-0.828226842,-0.567259789,-1.203094709
1760,1.270551316,,-0.030250125,0.410196086,-0.205663484,-1.022275538,0.217804245,0.604940649,0.651125114,0.040243285,-0.105394579,-0.345068062,-0.174293685,0.195070085,-1.49815081,-1.042917424,-1.91054375,0.103298721,-0.096286411,0.229155878
1761,-0.955439592,,-1.600658138,0.437467371,-0.275313752,-1.372862793,0.070158895,-0.057418863,-0.181764648,-1.389652115,-0.348060233,-0.681042396,-1.970715263,-0.7119795,-0.397910914,0.255244835,-1.019525314,-0.708663311,-0.236422874,-0.381298694
1762,0.878805531,,2.634506048,0.132271206,-0.719463298,0.463206001,-0.785739662,0.710326619,-0.32163401,-0.541797928,-0.961852583,-1.056927417,0.383459658,-0.778930576,0.476187736,-0.347909979,0.455210523,-1.560662315,-0.465657602,-1.786382397
1763,1.118863982,,0.560286666,-0.067257694,0.070103216,0.735491223,0.136440217,0.017258884,0.146573744,0.191629761,0.448577888,0.059837457,0.832859491,0.205783011,0.199463061,1.499499436,-1.102478387,-0.141358753,0.429110086,0.093862268
1764,-1.73662587,,-0.643988136,0.459268036,0.267508542,-1.536693308,0.576739821,-0.771082759,-0.022633312,-0.60055934,0.484522597,0.482235827,-1.979313273,0.374208094,-0.423728409,0.536471217,-1.408259013,0.67389236,-0.026453428,1.137826933
1765,-0.913533407,,0.847377295,-0.356394575,-0.876649747,0.444619555,-0.441219161,-0.572824038,-0.486904279,-0.080464602,-0.732362816,-1.085107439,-1.071403107,-1.320075114,-0.227844351,0.012190419,-0.439408798,-0.331903421,-0.718739991,-0.746468223
1766,0.043440343,,0.041299995,0.038564373,0.277375467,0.308120934,-0.194014381,-0.131942928,-0.307196574,-0.114909652,-0.192557799,0.106100944,0.899676143,0.663284455,0.012744507,0.1020586,2.089754641,0.543918373,0.325757865,0.980748218
1767,-0.580202031,,-0.281615657,0.3166912,-0.292881459,-0.051444844,0.096311113,-0.599146858,-0.044203736,-0.328834741,-0.651675396,-0.16179788,-1.33255462,0.213594206,-0.647314073,0.960004864,-1.043069321,0.526021828,-0.163309924,0.34761556
1768,-0.356382713,,1.716801026,0.184741868,-0.079404182,-0.155182878,-0.040888049,-0.243868122,-0.166599628,-0.087215978,-0.079281048,-0.072097449,-0.93716558,-0.037136195,0.909836324,-0.728180628,-0.449742142,0.550832868,-0.437050647,0.105141028
1769,0.140697634,,1.486165849,0.423404312,-0.194180399,0.23184017,0.040919318,-0.276237717,-0.392363295,-0.441643772,-0.196957844,-0.131532609,-0.362812621,-0.164616283,-0.543964922,-0.209002869,0.445411201,0.477855105,0.255674288,0.402672561
1770,0.231422616,,-2.094468485,-0.17954789,0.38514469,-0.524443482,0.52275392,-0.106741441,-0.121800996,0.227144838,0.075018154,0.122569997,0.818034123,0.440610919,-0.343033341,0.339425658,-1.575345595,0.714108721,-0.182077397,0.713464302
1771,-1.275861253,,-1.783876969,0.470379327,-0.686753826,-0.313292385,-0.234499634,-0.410824597,-0.277812445,-0.725878971,-0.203476284,-0.730460348,-1.46372575,-0.634846867,-0.036501067,-0.977177443,-0.880598413,-1.207223994,-0.632282733,-0.271382325
1772,1.396825236,,-0.51481825,-0.891579396,-0.35707138,-0.316776184,-0.346681141,0.537184201,0.383589521,-0.057604532,-0.391768541,-0.162816769,0.30517335,-0.352571958,-0.033685138,-1.283073142,-0.028717573,-0.742494874,-0.317499419,-0.83308373
1773,-0.579373057,,-0.836984918,-0.052432424,-0.559702998,-0.185441753,0.050190669,-0.632171988,0.055535015,-0.946890028,0.341746722,-0.046129695,-0.628445405,-0.145605184,-1.60199935,-0.568747193,-0.995488376,-0.402168092,0.007493429,0.431404764
1774,0.406382829,,-0.17219323,0.020622894,-0.396642972,-0.614223989,0.073013853,-0.086872415,0.332827258,-0.785192082,-0.468526848,-0.108383064,0.67832062,-0.390432819,-0.180223076,-0.833526085,1.502982192,-0.24982661,0.003781045,-0.539881289
1775,-1.397015817,,-0.042887755,-0.770915774,-0.470266589,1.053801074,-0.034798227,-0.901587151,-0.622431859,0.265140584,-0.147677584,-1.101187106,0.161798267,-1.560501595,-0.566619855,-0.349934694,-0.957858189,-0.22296096,-0.349504203,-0.579281433
1776,0.209310323,,1.263862362,-0.731407093,-0.103240634,1.177915427,-0.414322553,-0.842888151,-0.333500428,-0.609284629,-0.222716524,0.246035708,0.033432125,0.185033115,1.239221064,-0.402824327,0.171606691,-0.023775169,0.164502778,-0.126594528
1777,1.623449339,,-0.553295305,0.071523199,0.275550346,-0.271901217,0.531258551,0.694312597,-0.0598971,0.453578172,-0.148378542,0.858664948,2.022493411,1.117797306,0.617546881,0.837721363,-1.032688817,0.432415128,0.658458553,1.905802032
1778,-0.963144055,,-0.489015642,0.770258325,-0.306983439,-1.174998249,0.511990418,-0.174277997,-0.365426612,-0.235327343,-0.492542075,0.295419195,-0.744944414,-0.076493683,0.102735627,-1.285457882,0.438585558,-0.452081751,-0.495001697,-0.290305884
1779,-0.269297677,,-0.418852291,-0.480123015,-0.831587923,0.503158272,0.015113169,-0.363546514,-0.484026107,0.385067529,-0.302566531,-0.838387591,0.627400469,-1.304977515,0.05214511,-1.500422223,0.89273923,-0.749064405,-0.494499334,-1.109011403
1780,1.487333798,,0.280083437,0.417274826,-0.097818112,-0.882322854,0.237206762,0.779125744,0.706741621,0.218616543,0.068490446,-0.165914285,0.015513727,0.326675648,0.511810264,-0.914490505,0.472361741,0.212322167,-0.019595473,0.345082593
1781,-0.76147666,,-1.385102409,0.401303154,-0.138675558,-1.20526581,0.082182452,0.10880512,-0.078718043,-1.2121931,-0.16272524,-0.479570844,-1.800274925,-0.570105686,-0.796421162,0.359981632,0.998186568,-0.597223469,-0.146064285,-0.290789718
1782,1.086197051,,2.803433014,0.148563672,-0.589627731,0.62860909,-0.767672217,0.903270514,-0.181221231,-0.355430779,-0.775566258,-0.862181347,0.588779003,-0.635883654,-0.054885391,-0.242728807,0.384495422,-1.446284962,-0.384687912,-1.710413303
1783,1.345026754,,0.799174598,0.094808218,0.205135448,0.91155924,0.160526549,0.221477033,0.161314506,0.403137647,0.65812591,0.265572522,1.04229349,0.352340607,-0.012103923,1.618697645,0.614044522,-0.070089851,0.511947504,0.205872564
1784,-1.52225424,,-0.445738049,0.483530428,0.412905525,-1.35096762,0.58498811,-0.588435529,-0.112917274,-0.366514452,0.703292446,0.690622398,-1.778665449,0.525604842,-0.110135845,0.702288009,-0.534679722,0.777450275,0.06930434,1.236924572
1785,-0.646307668,,1.037839634,-0.222916965,-0.730298079,0.633463382,-0.424383218,-0.354057936,-0.328124483,0.166195254,-0.505047388,-0.874291827,-0.865072447,-1.158205647,0.530246383,0.094743477,-1.929443098,-0.244509494,-0.628089431,-0.635429668
1786,0.332995705,,0.16777835,0.198024643,0.433031409,0.492334768,-0.175094235,0.115203507,-0.227477783,0.141156911,0.051001788,0.339650727,1.141641773,0.832591762,0.771474317,0.117322316,1.279478255,0.668028762,0.421429321,1.092304291
1787,-0.303655045,,-0.053081075,0.439712262,-0.143551349,0.147613947,0.118233568,-0.356170313,0.111857071,-0.068155127,-0.408802962,0.066225099,-1.110620034,0.39104107,1.46816697,1.126891,-1.468998499,0.643427496,-0.05363401,0.462289204
1788,-0.069266952,,1.772217153,0.324919049,0.090625066,0.044751043,-0.013498678,0.015793914,0.242784907,0.160045544,0.174610683,0.170666286,-0.697683496,0.148826181,0.181132202,-0.550769895,-0.451439703,0.659446992,-0.328017986,0.221972695
1789,0.403005959,,1.908609575,0.523004598,-0.01998207,0.424896078,0.061373524,-0.012019515,-0.169697191,-0.163321977,0.062545407,0.110518871,-0.139887311,0.030951653,0.084459716,-0.029737234,-1.025391466,0.614517735,0.353048762,0.507741951
1790,0.501733212,,-1.785270071,0.058687174,0.575222869,-0.306464174,0.542936566,0.172821392,-0.070341217,0.510386877,0.342792031,0.354994723,1.06518886,0.636887652,0.558826211,0.515526926,0.303907141,0.839445725,-0.101220147,0.824270111
1791,-1.013729521,,-1.577272134,0.79733161,-0.484056963,-0.087288071,-0.218483271,-0.111832264,-0.05578136,-0.433310091,0.083993407,-0.496978686,-1.249444664,-0.437999801,0.023155726,-0.827924682,0.326384531,-1.089274956,-0.538130434,-0.194994255
1792,1.704478889,,-0.578166976,-0.462991295,-0.170432569,-0.088520239,-0.330204054,0.864269662,0.35376629,0.2349452,-0.092816747,0.063661757,0.587832914,-0.158904177,0.213290429,-1.02895698,-0.502894599,-0.558969824,-0.220108597,-0.747118166
1793,-0.277521261,,-0.86431018,0.451808405,-0.36960483,0.051476755,0.073418222,-0.29255278,0.229600938,-0.563137727,0.647726501,0.175062574,-0.374634945,0.050319604,-0.281663633,-0.443671817,-0.377499353,-0.26175434,0.109092717,0.511208995
1794,0.728173793,,0.098615237,0.69324159,-0.196883856,-0.38987651,0.085435595,0.267215827,0.320158456,-0.409743671,-0.182677174,0.119681827,0.949348355,-0.194386,0.158760223,-0.745791033,-0.952736115,-0.070676796,0.104283799,-0.462741052
1795,-1.097526591,,0.192558678,-0.18914399,-0.260069366,1.289828534,-0.018520298,-0.555272254,-0.361837671,0.608072414,0.147078676,-0.887020985,0.423268846,-1.368166699,-0.176602386,-0.176994566,0.112754554,-0.03330671,-0.245913525,-0.503925835
1796,0.540658044,,1.324876744,-0.171463172,0.104295371,1.381721136,-0.398546144,-0.518542166,0.000154097,-0.30386786,0.067485498,0.481594011,0.307291256,0.381573456,-0.012673748,-0.315774697,1.266565166,0.125321,0.275839626,-0.064330753
1797,1.962547484,,-0.394710393,0.538496969,0.481628755,-0.065321061,0.564829612,1.051596589,-0.093189367,0.785106065,0.156879191,1.087077096,2.257729908,1.302318547,1.134404195,0.961822985,-0.794238809,0.604425381,0.752964862,1.963124809
1798,-0.683107082,,-0.61120682,1.314307139,-0.11651382,-0.976830777,0.543056495,0.148874896,-0.281048607,0.070512793,-0.19353514,0.52013708,-0.54459169,0.110292259,0.062432631,-1.122663648,1.457235564,-0.267085171,-0.395469488,-0.215898809
1799,0.049322823,,-0.250991846,0.095954604,-0.638074429,0.702718202,0.02590364,-0.040534089,-0.123917404,0.710255096,-0.014748375,-0.628254828,0.83612532,-1.130626334,0.801105591,-1.3137086,-0.740471568,-0.575219848,-0.397183359,-1.067001717
1800,1.783286118,,0.416007283,0.931464011,0.102399736,-0.724460837,0.25895375,1.122974328,0.806842571,0.47273807,0.35479245,0.084122196,0.016341571,0.506185429,1.016324669,-0.781383039,-1.126390528,0.349732766,0.136493466,0.393208829
1801,-0.477079231,,-1.384597877,0.966688463,0.039514124,-1.104121859,0.101379159,0.447111998,-0.370479238,-0.969105293,0.083252363,-0.276786946,-1.493305953,-0.395047872,-0.191449418,0.522333677,0.765955005,-0.449918275,-0.029858622,-0.205221144
1802,1.361654111,,2.830358354,0.543803463,-0.425211328,0.701174021,-0.767074075,1.223320158,-0.165973659,-0.147826013,-0.575020716,-0.682023541,0.814153461,-0.483069644,-1.183822149,-0.14874144,-0.554380659,-1.386701762,-0.295714399,-1.683167653
1803,1.624265331,,0.75841861,0.489020546,0.350645037,0.952383277,0.179525846,0.522519752,0.10274657,0.583551404,0.853564587,0.412090742,1.257560608,0.489214065,-0.696664563,1.738235682,-0.297128516,0.036148846,0.6158628,0.21229876
1804,-1.34186156,,-0.517166676,0.90446376,0.570851916,-1.319424437,0.600285684,-0.288676929,-0.085503079,-0.229193911,0.867686849,0.822567785,-1.664480601,0.647904448,0.783665116,0.813055887,-0.626681544,0.838748006,0.143660329,1.293807161
1805,-0.443416293,,0.924972773,0.146970815,-0.583705309,0.655392665,-0.424727209,-0.072301658,-0.481157433,0.305954616,-0.375366265,-0.770582636,-0.557681981,-1.06368981,0.048152135,0.09558792,-0.622760621,-0.174817115,-0.548083301,-0.61116874
1806,0.543552854,,0.084975787,0.535953262,0.559882114,0.483735472,-0.161255503,0.349813243,-0.365573978,0.230181387,0.164316185,0.425820441,1.324250708,0.914571313,0.891831782,0.149465854,0.315296156,0.742752547,0.474961565,1.121405678
1807,-0.174105767,,-0.094831772,0.668802868,-0.022645564,0.113318659,0.122683822,-0.114712693,-0.082176962,-0.042262487,-0.336391201,0.134636247,-0.97406595,0.450899617,1.116299898,1.127133896,0.39612301,0.670514944,0.001369355,0.502068587
1808,0.028376843,,1.827301772,0.651217693,0.180371849,-0.015912462,-0.009610868,0.212129208,0.127854374,0.205385199,0.222257467,0.197329941,-0.6245507,0.19066514,-0.750424624,-0.614140646,-0.714363814,0.638387763,-0.28958109,0.234491827
1809,0.487886773,,1.738236684,0.720853024,0.075901891,0.335732587,0.058180947,0.147030094,-0.166223363,-0.187042901,0.080735452,0.110965354,0.045984681,0.047065554,0.27042901,-0.077075146,0.297801141,0.569715473,0.377768507,0.511955247
1810,0.583724097,,-1.871031699,0.134474887,0.64018784,-0.401917179,0.552899423,0.319987213,-0.129779977,0.501463683,0.334236104,0.323869121,1.153735302,0.630239537,-0.126384036,0.465471893,0.520920359,0.806745365,-0.099391339,0.84810662
1811,-0.98602245,,-1.517782599,0.886110287,-0.443994413,-0.21181759,-0.211973715,0.015920504,-0.179891566,-0.499226441,0.04266773,-0.557143391,-1.219460011,-0.459392889,0.681017272,-0.824480292,0.058427,-1.140636552,-0.533960804,-0.17673939
1812,1.746299009,,-0.423309886,-0.413138649,-0.147531213,-0.238176221,-0.332080934,0.955076801,0.268493365,0.158149206,-0.16695478,-0.021024153,0.394363333,-0.214876545,0.571920376,-1.166290059,0.875374311,-0.591426485,-0.23820062,-0.75839828
1813,-0.339369123,,-1.023189802,0.496817636,-0.365468605,-0.112936903,0.049477966,-0.232941432,0.212805797,-0.729383524,0.550618345,0.05608843,-0.192561289,-0.022906843,-0.001349175,-0.459316962,1.065263456,-0.294322814,0.073209433,0.520362811
1814,0.63504097,,-0.304943078,0.574838768,-0.204931165,-0.578254352,0.07782794,0.284179481,0.307817954,-0.561203998,-0.319543827,-0.026600462,0.947073165,-0.2991319,0.13965583,-0.799412974,0.173669593,-0.145685598,0.051793106,-0.472515635
1815,-1.1872884,,-0.104061263,-0.251458416,-0.299174622,1.06746624,-0.027839942,-0.538660165,-0.56213012,0.360186703,-0.013501799,-1.072471114,0.380058653,-1.496467735,0.523883085,-0.319093947,0.748333591,-0.128892653,-0.306308267,-0.523821948
1816,0.449776678,,1.055343003,-0.232399264,0.049470564,1.136212328,-0.409711926,-0.543118436,-0.155757274,-0.53311119,-0.121738339,0.270031322,0.430525344,0.228239292,-0.489951956,-0.406783192,-1.020523178,0.04757052,0.206511506,-0.058662592
1817,1.803851484,,-0.483836125,0.407016977,0.402114178,-0.30345738,0.543765813,1.025592726,-0.019506173,0.504360358,-0.04717235,0.854898503,2.187677749,1.128214601,-0.077567994,0.757944288,-0.371080093,0.506357584,0.662830167,1.956304922
1818,-0.915937156,,-0.800028534,1.09586389,-0.200425063,-1.244377149,0.523007956,0.059929747,-0.298565138,-0.229851756,-0.42359573,0.262824062,-0.650707701,-0.079101973,0.626247621,-1.248799428,-1.518340172,-0.404673441,-0.488009753,-0.246812123
1819,-0.173936171,,-0.622448635,-0.105041442,-0.738182366,0.439396569,0.009049381,-0.149388971,-0.35587446,0.36518669,-0.267775119,-0.890942386,0.731204609,-1.345288127,0.077084647,-1.476568007,0.065602167,-0.685628808,-0.505596084,-1.074966828
1820,1.561824387,,0.015133979,0.620369199,-0.024218328,-1.026686716,0.239471096,1.000471813,0.552916159,0.139499456,0.087064069,-0.222533927,-0.138258053,0.28516599,0.847727711,-0.7903316,-1.530137322,0.227716365,0.012895503,0.387781123
1821,-0.762868409,,-1.618332128,0.628497941,-0.117846483,-1.40805958,0.084364661,0.262298846,-0.222878441,-1.360912688,-0.208065745,-0.584380204,-1.697207582,-0.629243267,0.519110543,0.311317612,1.287510027,-0.61454625,-0.162105243,-0.242013681
1822,1.060131547,,2.382846709,0.198423512,-0.58370682,0.380043671,-0.793135458,1.033980399,-0.2978141,-0.54901523,-0.880198252,-1.013332384,0.646094841,-0.731575599,-0.505973293,-0.320902142,-1.042667689,-1.513959088,-0.439660095,-1.731286146
1823,1.333637616,,0.439884797,0.162111022,0.170846636,0.647485169,0.153622214,0.310557706,0.174558337,0.123574573,0.545959787,0.070426699,1.075610921,0.226323265,-0.032192261,1.551642817,-0.2500403,-0.144353336,0.456149993,0.154649247
1824,-1.686374892,,-0.827544938,0.561255458,0.376606872,-1.623840577,0.575953951,-0.55335752,-0.044858234,-0.701739467,0.554753673,0.468199183,-1.853393558,0.383576118,0.845021057,0.625940252,-1.299090052,0.684186396,0.003399691,1.221442186
1825,-0.762552817,,0.806147482,-0.295302821,-0.795098003,0.342941208,-0.444811361,-0.340319267,-0.573759921,-0.172765771,-0.680859354,-1.104164956,-0.767750366,-1.329546215,0.643704572,-0.024751002,1.427221222,-0.346480132,-0.705927954,-0.674274196
1826,0.218974843,,-0.45364415,0.01223558,0.344231842,0.180365662,-0.191660018,0.08178673,-0.596090803,-0.256205153,-0.13190426,0.080162158,1.116392547,0.640687131,1.003149963,0.019583886,-0.174914156,0.571037216,0.322281922,1.049352856
1827,-0.504260925,,-0.578724414,0.269643749,-0.228037063,-0.174001215,0.10126015,-0.395457459,-0.146991422,-0.509425844,-0.623779992,-0.20063674,-1.161363023,0.18539009,1.082865845,0.943819639,-0.861660107,0.529317872,-0.147552052,0.41681245
1828,-0.283541673,,1.79517813,0.132991152,-0.033034638,-0.288968118,-0.025641198,-0.057015632,-0.20413911,-0.27547082,-0.055394152,-0.134272121,-0.81897302,-0.068674138,-0.303611575,-0.742460055,0.741779539,0.53968768,-0.429095049,0.170977625
1829,0.190113949,,1.63910896,0.218302043,-0.1415073,0.067877329,0.045367914,-0.142944885,-0.288756399,-0.61712841,-0.180284841,-0.206780614,-0.144350914,-0.205330663,-0.971557672,-0.246776964,0.109321571,0.494077964,0.230500948,0.438793411
1830,0.286217082,,-1.938399449,-0.206864039,0.432795217,-0.672463836,0.529027331,0.047357046,-0.291962088,0.042113671,0.089480083,0.036553997,0.97655815,0.387210986,-0.05004489,0.21743277,-0.311128162,0.695160966,-0.233980243,0.758126019
1831,-1.3496302,,-1.753086196,0.483371519,-0.622605828,-0.472838133,-0.22916292,-0.22142561,-0.22442989,-0.920716002,-0.193628167,-0.836967664,-1.405751168,-0.687817168,0.318262354,-1.057187112,-1.451549724,-1.256286879,-0.650369704,-0.251799042
1832,1.478064686,,-0.659281211,-0.8412839,-0.337049924,-0.489357199,-0.34767794,0.697949626,0.28006267,-0.276441981,-0.386564847,-0.30442479,0.236341819,-0.43966027,0.294460025,-1.410029549,0.693647671,-0.73981428,-0.366818788,-0.861421634
1833,-0.627436767,,-0.948037848,0.006494181,-0.544732654,-0.350012371,0.051562632,-0.506603225,-0.150171664,-1.115246781,0.351297481,-0.212924743,-0.331900983,-0.236510372,0.176883712,-0.622603928,-1.309678713,-0.410472521,-0.042283538,0.39413615
1834,0.37715087,,-0.157555777,0.216360808,-0.373989663,-0.79873364,0.063110238,0.04424667,0.064672928,-0.953942661,-0.499299692,-0.265617348,0.823441492,-0.489199897,0.699492594,-0.906945357,1.051008757,-0.279221338,-0.05487679,-0.58953586
1835,-1.399623257,,-0.059959491,-0.653528017,-0.463099,0.863389624,-0.037409629,-0.764631127,-0.571412348,-0.001839419,-0.169184285,-1.288904804,0.251192865,-1.66970373,-0.035794576,-0.402475304,-1.256097691,-0.210278203,-0.40849704,-0.659318345
1836,0.279126151,,1.093897549,-0.649903881,-0.069830889,0.946739833,-0.41581265,-0.742669779,0.02508997,-0.873351739,-0.251781121,0.07463989,0.34449404,0.061206649,-0.213235051,-0.505328665,-0.903385531,-0.080874873,0.109227275,-0.21489945
1837,1.63437928,,-0.533009539,0.055470807,0.294176481,-0.430051018,0.549241512,0.852166481,0.057707691,0.167096184,-0.142740906,0.684091234,2.119518015,0.984255861,-0.08491257,0.740630021,-0.14114979,0.40944181,0.590617586,1.810457129
1838,-1.077360668,,-0.719583,0.840456873,-0.300206069,-1.355722465,0.522753583,-0.127366506,-0.572577778,-0.507789157,-0.488014568,0.128644595,-0.721580774,-0.185435544,0.253223122,-1.210907237,-0.078902269,-0.489670323,-0.53642407,-0.397171367
1839,-0.264986854,,-0.386420021,-0.394741129,-0.845207726,0.354039527,0.008444477,-0.279693639,-0.474693157,0.107803733,-0.300165893,-0.995364021,0.694322543,-1.43659962,0.011081941,-1.513229201,-1.224568826,-0.709219211,-0.559395377,-1.258909687
1840,1.490478324,,0.165076892,0.417055063,-0.079435279,-1.057348029,0.24640803,0.911775858,0.42714416,-0.091046601,0.084622633,-0.309414201,-0.145095046,0.22355383,-0.836936505,-0.889464551,0.746346436,0.145318614,-0.016888431,0.242187297
1841,-0.829533852,,-1.528246643,0.434356363,-0.184231077,-1.408254999,0.096205139,0.197819252,-0.4649728,-1.464342474,-0.168906147,-0.600773753,-1.70772396,-0.65344789,0.264512018,0.44355641,-0.540635557,-0.5691532,-0.163896043,-0.398059579
1842,1.053612225,,2.607154402,0.090139472,-0.641473986,0.396831325,-0.775340549,0.995863881,-0.199590963,-0.683375231,-0.805113168,-0.981819266,0.6989968,-0.745736255,-0.243951375,-0.322814121,0.32257596,-1.555797118,-0.439629267,-1.889406979
1843,1.402285243,,0.375426533,0.166384831,0.149367326,0.682127326,0.160960743,0.293612844,0.153160578,0.059382627,0.661576879,0.102395113,1.161000257,0.226424214,0.406026248,1.511311655,-0.484358393,-0.171566147,0.474073712,0.020078685
1844,-1.67591153,,-0.710661081,0.485386024,0.361893521,-1.564992794,0.603644201,-0.544253242,-0.118779276,-0.749752918,0.692964371,0.539279019,-1.778636193,0.405786117,-1.478031913,0.687510921,0.895984769,0.659317259,0.031925561,1.100835876
1845,-0.669781258,,0.930543512,-0.236070605,-0.787762911,0.392487075,-0.42606128,-0.317256337,-0.368190295,-0.161099983,-0.525106517,-1.010817518,-0.667851671,-1.287097602,0.176070021,-0.00617586,0.235357967,-0.329293105,-0.650554201,-0.793064047
1846,0.372218004,,0.092657567,0.108680171,0.344080982,0.220276917,-0.167333112,0.11590367,-0.258695423,-0.247212701,0.045954776,0.185411202,1.242265962,0.688398463,0.948586856,0.027767565,0.756848864,0.626475976,0.358417908,0.968495385
1847,-0.418231639,,-0.005383371,0.392044768,-0.231365121,-0.145528311,0.124584401,-0.338469577,-0.199779048,-0.482061507,-0.45042746,-0.093406774,-1.025384475,0.235883267,0.672077412,0.934770353,-0.469167979,0.535085421,-0.093996189,0.359047881
1848,-0.213457876,,1.986125518,0.334290348,-0.031064315,-0.274364825,-0.019860678,-0.008519451,-0.210209956,-0.248501378,0.112117964,-0.021157213,-0.692842978,-0.015636899,-0.814277559,-0.655671203,0.413367145,0.581965331,-0.387101561,0.100633046
1849,0.274240465,,1.488183329,0.389497987,-0.117757993,0.05000171,0.052794187,-0.106248805,-0.342058687,-0.574483086,-0.018888017,-0.116556026,-0.025991224,-0.152104027,-0.376040213,-0.249462487,-1.548614452,0.513993479,0.264421105,0.408310276
1850,0.400193179,,-2.007159845,-0.114757621,0.429575767,-0.803545575,0.559743331,0.083275233,-0.112527313,0.049377178,0.234471035,0.123110597,1.074734619,0.433305101,-0.089578096,0.164466381,-0.825873053,0.734611295,-0.215222911,0.732788227
1851,-1.35706451,,-1.653368308,0.672054893,-0.809547147,-0.69122353,-0.201756765,-0.214878001,-0.506454667,-1.140376282,-0.167928188,-0.888838783,-1.367418381,-0.656205044,0.104561202,-1.10467174,-1.221612458,-1.32897633,-0.668774069,-0.381189969
1852,1.568561869,,-0.540415727,-0.032935641,-0.559853882,-0.761941252,-0.335420199,0.677266104,0.322206504,-0.550508535,-0.40538199,-0.404104213,0.298545946,-0.452577294,-0.716608452,-1.471057158,-0.70427939,-0.895583621,-0.404446785,-0.992912673
1853,-0.661549504,,-0.879205186,-0.222829829,-0.802037331,-0.662190061,0.05516674,-0.577592001,-0.031306861,-1.454902612,0.296155984,-0.380472055,-0.313253442,-0.289864093,0.432230017,-0.731685562,1.141918918,-0.583003153,-0.099609969,0.284738743
1854,0.27484335,,-0.166090326,0.118150007,-0.675991749,-1.103952687,0.079633113,-0.049611714,-0.055309801,-1.325332035,-0.600119294,-0.451434754,0.847014203,-0.559812736,-0.792190612,-1.081998878,0.170114329,-0.454374844,-0.126285197,-0.699556044
1855,-1.46147962,,-0.613351142,-0.545160047,-0.785565892,0.511177847,-0.030836659,-0.864218106,-0.983549811,-0.517402573,-0.303065448,-1.547580804,0.20916739,-1.777158492,-0.434290835,-0.67478711,-0.955063839,-0.458454586,-0.49169826,-0.71254191
1856,0.225232975,,1.039941327,-0.228459429,-0.406769714,0.555189925,-0.395907094,-0.89870648,-0.602195928,-1.394668762,-0.417343187,-0.217486448,0.321237344,-0.067700409,-0.008058974,-0.732737167,-0.577091358,-0.258485734,0.019566363,-0.257391733
1857,1.472523893,,-0.726073295,0.062916781,-0.049114845,-0.814090342,0.558342547,0.688081425,-0.458578296,-0.379511058,-0.327669009,0.33964925,2.060156131,0.84139982,-1.084106433,0.560173461,1.380556443,0.330177587,0.480082292,1.784406793
1858,-1.315573399,,-0.813993012,-0.117806213,-0.685492418,-1.799182232,0.531197932,-0.368023256,-0.673966149,-1.11435432,-0.706213622,-0.235670672,-0.828691733,-0.33124184,-0.707660378,-1.407135733,-1.822439247,-0.614258551,-0.634690215,-0.389944812
1859,-0.459132654,,-0.589600442,-0.132704274,-1.223659931,-0.064002387,0.035336743,-0.505642814,-0.77513032,-0.556185274,-0.543164662,-1.386837922,0.547363873,-1.605523589,-0.950602353,-1.814795438,-1.624204636,-0.85757443,-0.694719551,-1.243342134
1860,1.291402941,,0.024098925,-0.562490145,-0.487418186,-1.493050465,0.233159589,0.678827023,0.323532567,-0.802563866,-0.184348569,-0.728916315,-0.260352681,0.044501622,-0.499454135,-1.126876288,-1.643035799,-0.014990701,-0.122667506,0.239132142
1861,-1.056796391,,-1.533274367,0.237619736,-0.415322497,-1.82021266,0.087464274,-0.058546026,-0.615042145,-1.772896718,-0.333827689,-0.837691843,-1.845943381,-0.809839065,-0.270492248,0.312902146,1.261057013,-0.660011248,-0.232828778,-0.193771573
1862,0.907135662,,2.562691072,-1.045687978,-0.842040349,-0.036205888,-0.769596937,0.779026833,-0.616508871,-1.030457552,-0.951542213,-1.208613218,0.59344495,-0.919715257,-0.129616488,-0.631228698,-0.286404098,-1.598953067,-0.524782438,-1.672567223
1863,1.302750145,,0.597527109,-0.390627424,-0.086797058,0.283220417,0.157567865,0.08321162,-0.31211526,-0.355065372,0.521265895,-0.159619151,1.073917656,0.030662908,-0.326903014,1.308980585,-1.136310518,-0.240943781,0.387452729,0.238582456
1864,-1.906301292,,-0.712880905,-0.17993244,0.154435427,-1.950102043,0.600741016,-0.78114854,-0.314671171,-1.109478784,0.555778606,0.280989057,-1.892208973,0.221780573,0.266253545,0.442590121,-0.331249325,0.622860291,-0.020215617,1.319641416
1865,-0.807822009,,0.747481309,-1.015037389,-0.993195509,0.009818694,-0.42551758,-0.549408214,-0.688075428,-0.52401735,-0.64648223,-1.232783087,-0.785274908,-1.453333613,-0.182481672,-0.146880149,-0.147389592,-0.381199666,-0.715770896,-0.582442721
1866,0.247128717,,-0.47548817,-1.012315392,0.169398837,-0.138731158,-0.1622172,-0.108923276,-0.614392911,-0.64322317,-0.044762011,-0.042120174,1.135484956,0.538159707,-0.179577075,-0.195514544,-0.069293253,0.626623744,0.288865951,1.150625138
1867,-0.570460386,,-0.090256496,-0.293302998,-0.393554171,-0.464099476,0.113592034,-0.531851924,-0.252857338,-0.818799396,-0.514305227,-0.269819721,-1.086737291,0.086923818,0.557495309,0.865630697,1.103933732,0.493759909,-0.131146315,0.53829685
1868,-0.334374588,,1.922938497,0.599240807,-0.191252646,-0.553911469,-0.012211424,-0.222767073,-0.233116103,-0.500777247,0.068126956,-0.184098627,-0.744911161,-0.144598651,0.399282205,-0.772075045,-0.615395507,0.591072456,-0.4119067,0.274084824
1869,0.199486737,,1.573202292,-0.544733952,-0.230654867,-0.214438678,0.075950929,-0.297402102,-0.442217989,-0.828035074,-0.015734016,-0.233861239,-0.081939833,-0.256219316,-0.236134599,-0.289216913,0.095045651,0.557638403,0.244326271,0.566308032
1870,0.38133009,,-2.010265773,0.031895691,0.347069055,-1.017935976,0.551955372,-0.073093456,-0.382768772,-0.199689259,0.273743211,0.070186588,1.004345906,0.370226215,-0.465105621,0.113773081,0.937255781,0.740185116,-0.208542837,0.897680791
1871,-1.465689166,,-1.509197493,0.110131912,-0.839059593,-0.986344615,-0.167391723,-0.322314216,-0.583981206,-1.273521046,-0.102838526,-0.93628541,-1.441947263,-0.674387443,-0.293198428,-1.182831893,-1.124315567,-1.221341912,-0.643568938,-0.313653886
1872,1.632066745,,-0.480147218,-0.235371305,-0.567818663,-1.058974266,-0.340256401,0.587680219,0.264336396,-0.729155027,-0.314116008,-0.440767228,0.280998138,-0.443515752,-0.842557064,-1.514651538,0.946488463,-0.832871237,-0.403615579,-0.939977657
1873,-0.672085172,,-0.887096029,-0.109762393,-0.789096835,-0.962129994,0.063299481,-0.661067615,-0.188175695,-1.467788156,0.410513764,-0.375974932,-0.32287843,-0.263406539,-0.24378156,-0.76438491,0.561928721,-0.465438736,-0.088185854,0.34697591
1874,0.311216491,,-0.164945479,0.286166945,-0.620213311,-1.485202161,0.066820046,-0.091048016,0.017259172,-1.38794136,-0.46717862,-0.404385804,0.869476412,-0.502454246,-0.123778809,-1.093257241,-1.31268793,-0.266444066,-0.099495838,-0.628833983
1875,-1.319209241,,-0.324638889,-0.444733205,-0.700515308,0.061387598,-0.032093645,-0.872706604,-0.827318235,-0.59626397,-0.15287556,-1.478658108,0.208843437,-1.688428916,-0.033956117,-0.778222464,0.617065236,-0.341342202,-0.485065986,-0.674932211
1876,0.334855541,,1.048424134,-0.2176956,-0.368134965,0.179260777,-0.37350591,-0.916052972,-0.53228777,-1.351671061,-0.249675396,-0.108901744,0.422020729,0.019460206,-0.229224305,-0.685517076,-1.578576275,-0.171777899,0.042057436,-0.167833758
1877,1.603906269,,-0.488081784,0.134293019,0.026194896,-1.106492039,0.613380263,0.692264844,-0.519886744,-0.248094332,-0.131447304,0.459557554,2.141580178,0.929320587,-0.697645449,0.517831321,-0.800650187,0.376539555,0.51366704,1.888363964
1878,-1.210780776,,-1.200963407,-0.067116267,-0.571968578,-2.103695266,0.547984802,-0.400698127,-0.849355423,-1.009376559,-0.507556439,-0.064927908,-0.734517941,-0.217054991,-1.14582358,-1.479216793,1.420926437,-0.528957517,-0.569989858,-0.294391736
1879,-0.246687706,,-0.424356997,0.099410643,-1.121280712,-0.333845693,0.027602646,-0.435399867,-0.604472024,-0.464263533,-0.323068113,-1.193826297,0.664641615,-1.480967734,-0.510700495,-1.739241228,0.271926106,-0.759537792,-0.680120845,-1.148255848
1880,1.534557377,,0.613519989,-0.426257317,-0.380780374,-1.699859942,0.244696397,0.757470914,0.410909668,-0.672775698,0.048048795,-0.537648477,-0.179515708,0.163054848,0.335492839,-1.079017209,0.142212637,0.04603619,-0.077853516,0.371060999
1881,-1.013522245,,-1.280044373,0.465998507,-0.455977506,-1.967792876,0.096133873,-0.085921464,-0.520951022,-1.730438629,-0.202642741,-0.768478782,-1.806371648,-0.675711215,-0.694264256,0.291526408,-1.911945788,-0.651002084,-0.196597026,-0.133993263
1882,1.083495957,,2.724645414,-0.725146647,-0.850469961,-0.267349148,-0.759452902,0.823802449,-0.566500271,-1.052766623,-0.839984818,-1.141215338,0.655604964,-0.818637048,0.112343383,-0.551551505,-0.531441703,-1.594243428,-0.539123849,-1.621223662
1883,1.534740691,,0.690157049,0.081636028,-0.135070892,0.070108298,0.159414182,0.143419979,-0.013350542,-0.460258864,0.630312794,-0.133801519,1.193347317,0.113492229,0.149984839,1.189894971,-0.975778979,-0.330028309,0.388686189,0.300938913
1884,-1.929233033,,-0.578207607,0.241352347,0.101293148,-2.131111052,0.615584623,-0.774157003,-0.16623796,-1.127812334,0.64658444,0.301692571,-1.8037968,0.307867304,-0.964710687,0.452320997,-1.512424181,0.509654128,-0.027388404,1.39020013
1885,-0.673701044,,1.169005793,-0.559463832,-1.031412378,-0.181111269,-0.411776344,-0.537664625,-0.507746111,-0.576069914,-0.576779247,-1.197580404,-0.708344692,-1.355871818,-0.405413574,-0.200810921,1.182850393,-0.439595209,-0.713104796,-0.489134228
1886,0.450252093,,-0.07280624,-0.584123733,0.122719706,-0.349206097,-0.137850786,-0.09228766,-0.498059264,-0.70650727,0.045918613,-0.035426683,1.246239639,0.640068728,0.895265519,-0.181019144,0.052232261,0.523443322,0.277212309,1.236229827
1887,-0.488687718,,-0.037673853,0.073933859,-0.412690058,-0.68688678,0.110380505,-0.512622799,-0.113576588,-0.838983443,-0.443949913,-0.244204031,-0.938932168,0.14941622,0.360085447,0.793142455,0.110525963,0.424547317,-0.129801467,0.640502023
1888,-0.204135728,,1.983671751,0.915206859,-0.243970071,-0.777881642,-0.001031524,-0.193009258,-0.323897171,-0.514995723,0.126541015,-0.17354704,-0.618472915,-0.076596061,0.166950848,-0.872301275,-1.618470497,0.52354303,-0.405075577,0.372567221
1889,0.269162912,,1.764967505,-0.186319915,-0.266679324,-0.438474564,0.06841276,-0.29940083,-0.502422734,-0.793545213,0.045553551,-0.220475426,0.024560454,-0.180918598,0.713624061,-0.338504316,0.058228175,0.501376156,0.234765079,0.649252239
1890,0.465493418,,-1.659924838,0.513564046,0.282082605,-1.171259777,0.57875166,-0.100181518,-0.176255014,-0.240801216,0.337783901,0.116093489,1.168244431,0.441904527,-0.034934421,0.149314791,0.64561177,0.729689965,-0.217693532,0.974872157
1891,-1.401901269,,-1.753258764,0.64024114,-0.761744159,-1.043979185,-0.13842362,-0.242090044,-0.588634287,-1.025392279,-0.012983427,-0.828544545,-1.337948638,-0.577732974,-1.306906378,-1.039163457,-1.12057847,-1.217815501,-0.570851538,-0.271319781
1892,1.860315583,,-0.217472171,0.317609768,-0.489689231,-1.053708168,-0.328144322,0.677799426,0.015064649,-0.596610681,-0.202633389,-0.306873875,0.466911449,-0.364061561,1.179392513,-1.515103371,0.824930765,-0.897475758,-0.336705951,-0.942974322
1893,-0.561426696,,-0.434480918,0.373725617,-0.735280216,-0.952874109,0.059951281,-0.639236941,-0.014776722,-1.204999545,0.530627888,-0.252092253,-0.127261411,-0.17183564,1.487987924,-0.65308764,0.679940085,-0.512416868,-0.019613644,0.353224577
1894,0.486842237,,-0.119848147,0.760243207,-0.529643811,-1.397188319,0.053281591,0.006993149,-0.068281555,-1.156391765,-0.353909006,-0.267481325,1.062354689,-0.398869745,0.243696993,-0.951885272,-0.801420056,-0.246351937,-0.017092059,-0.607144639
1895,-1.027327865,,-0.175505775,-0.052304775,-0.59979614,0.20788812,-0.035834437,-0.749050635,-0.750956164,-0.545067303,-0.037261769,-1.371107981,0.317500894,-1.584804353,-0.639536811,-0.736321561,-0.800364125,-0.372661972,-0.420625734,-0.679860906
1896,0.502105109,,1.542254696,0.356856479,-0.24816645,0.195527918,-0.379378719,-0.855906984,-0.120980875,-1.156412868,-0.147607788,0.022317509,0.671095131,0.113623842,0.481438121,-0.728416975,-0.21812429,-0.202654879,0.134389984,-0.214058113
1897,1.679591361,,-0.270138634,0.628989257,0.143770838,-1.0497707,0.643463147,0.750762786,0.005643549,-0.012642847,-0.011187554,0.565924087,2.338650839,1.01556749,-0.469620377,0.689834273,-1.598805264,0.461125662,0.629931478,1.848140428
1898,-1.144090831,,-0.706397482,0.498103924,-0.474693695,-2.002591233,0.563751715,-0.34825353,-0.690739215,-0.73050637,-0.40782066,0.055204819,-0.57623906,-0.113965977,-0.846357861,-1.285084265,0.656386233,-0.445235361,-0.465178938,-0.364301098
1899,-0.041959586,,-0.185712307,0.654372371,-1.006001787,-0.353154904,-0.009981313,-0.330531793,-0.569505293,-0.315795859,-0.237786993,-1.071881778,0.783440954,-1.371215154,-0.614305195,-1.682552145,-1.240012407,-0.689482858,-0.604089764,-1.244994726
1900,1.734213609,,0.31160657,0.087334697,-0.28741759,-1.739497265,0.2079308,0.866746931,0.450078246,-0.545297731,0.112258079,-0.462237732,-0.074292977,0.257869214,-0.075120704,-1.034621809,-0.826813989,0.127179599,0.039695429,0.269518402
1901,-1.0363342,,-1.577377003,1.068028821,-0.373606364,-2.08325648,0.081888812,-0.09553732,-0.625514919,-1.506723421,-0.122520875,-0.743535462,-1.720649932,-0.574899867,-0.319653355,0.321043903,-0.189482106,-0.562128798,-0.134119399,-0.204294564
1902,1.150704187,,2.613623282,0.384266939,-0.699584701,-0.485515377,-0.769942447,0.84146743,-0.466337287,-0.930118852,-0.778027561,-1.077928187,0.769884908,-0.73773276,-0.838780723,-0.759043106,-1.625370604,-1.573037611,-0.522509835,-1.712249354
1903,1.673206036,,0.742437848,0.381413155,-0.069380523,-0.164726477,0.140764061,0.16573454,0.116724623,-0.393344209,0.689020764,-0.156772803,1.319409509,0.152754789,0.499690403,1.095595144,0.844921502,-0.398932306,0.408287946,0.216773066
1904,-1.979178308,,-0.6483066,0.70948321,0.195275283,-2.344408173,0.587551014,-0.827931895,-0.218795323,-1.048395009,0.679626885,0.216800162,-1.716589249,0.343095902,1.25832853,0.35685571,-0.21373554,0.520261498,-0.02939664,1.298229055
1905,-0.638947371,,1.058289751,0.139203042,-0.954853109,-0.432228743,-0.455487529,-0.62144709,-0.561455487,-0.534455944,-0.580420331,-1.251363905,-0.647084086,-1.32304494,-0.439188749,-0.241618406,-1.025572019,-0.46137174,-0.708715195,-0.599126936
1906,0.543975379,,-0.230996651,0.51368413,0.194866792,-0.666264275,-0.157391174,-0.194230157,-0.287503276,-0.742775538,0.060438549,-0.139613588,1.320349765,0.683607015,1.255744387,-0.355827088,0.467581516,0.526989486,0.25032582,1.158112765
1907,-0.574520564,,-0.036198688,0.721433662,-0.341965466,-0.952402843,0.089304773,-0.624741938,-0.220115773,-0.878402188,-0.468326988,-0.385079891,-0.868495866,0.153736325,1.511016572,0.626446724,0.566427137,0.359644853,-0.139497884,0.554879724
1908,-0.265370533,,1.858875614,0.585829673,-0.26594199,-1.035717571,-0.051434471,-0.34758031,-0.505487406,-0.541876674,0.099912879,-0.320093719,-0.610542868,-0.078594821,0.66784063,-0.844222523,-0.845777459,0.461411142,-0.44677868,0.308242232
1909,0.206004328,,1.4986321,0.721589927,-0.261326701,-0.79804131,0.025875712,-0.448291118,-0.469825835,-0.864740462,0.007925057,-0.383065628,0.059565643,-0.202696729,0.587182763,-0.361298151,0.241158833,0.51031203,0.173281963,0.612628573
1910,0.417524498,,-1.970864068,0.141573602,0.300737675,-1.381741185,0.53999401,-0.287348676,-0.306614312,-0.29363439,0.310947067,-0.055256006,1.211809933,0.422104708,1.032981266,0.097456185,0.180328028,0.724562893,-0.291242511,0.950478473
1911,-1.439544187,,-1.484576498,0.929484677,-0.657713954,-1.195368772,-0.187722071,-0.331942889,-0.684411258,-0.890141563,0.033142655,-0.696374062,-1.32648745,-0.566666796,-0.275920497,-1.087786874,-1.66141264,-1.164802824,-0.598351415,0.017773789
1912,1.925650381,,-0.358450374,-0.380983236,-0.413380412,-1.120112988,-0.390490074,0.693219454,0.309474511,-0.513554161,-0.123653632,-0.155180265,0.544515018,-0.361338139,0.382520659,-1.572713074,-1.744743128,-0.851394808,-0.367647921,-0.643148767
1913,-0.633040966,,-0.456895286,0.412641502,-0.626826653,-0.946255831,0.016817214,-0.738900408,0.079155545,-0.990866254,0.628207834,-0.092680944,-0.067320094,-0.169665009,0.764955206,-0.659339635,-0.94002844,-0.401240176,-0.05284374,0.664816677
1914,0.562009671,,-0.238317586,0.580885352,-0.402333865,-1.387772625,-0.03105729,-0.037583366,-0.16538009,-1.015122178,-0.24535702,-0.046898128,1.129850313,-0.417398834,0.390414648,-0.798511642,-1.061001909,-0.08266436,-0.046528138,-0.280778707
1915,-0.935144813,,0.041366211,-0.179679167,-0.487357426,0.232156766,-0.084405082,-0.773256567,-0.740522905,-0.521910738,0.09658993,-1.118553591,0.31927322,-1.588407542,-0.096452784,-0.82032555,-1.375712062,-0.240052745,-0.459509752,-0.337260737
1916,0.477674243,,1.467603503,-0.197114001,-0.112594668,0.235073694,-0.335361187,-0.90623575,-0.222248884,-0.893400528,-0.002052176,0.269334259,0.801946101,0.115185248,0.175829697,-0.49222203,0.574935567,-0.048399705,0.149936737,0.139444126
1917,1.648821433,,-0.373168046,0.531152223,0.326770004,-0.924224475,0.629461279,0.743712646,-0.030735888,0.282368958,0.187044473,0.841355236,2.464786436,1.023392033,0.307583555,0.743309935,1.732690524,0.59366066,0.657012789,2.232172119
1918,-1.070030112,,-0.553724024,1.228236579,-0.32500645,-1.859395337,0.50776492,-0.378752687,-0.73979634,-0.343619833,-0.188913099,0.377890561,-0.459721677,-0.079724111,-0.575204174,-1.151507382,-1.071763404,-0.229328271,-0.435593411,0.015665267
1919,0.149525769,,-0.059877835,0.163062547,-0.800220967,-0.218018845,-0.062618369,-0.326747686,-0.380989326,-0.037536239,0.015105225,-0.672499646,0.890769783,-1.319876215,-1.235831704,-1.484287617,-1.613282179,-0.47510058,-0.576883959,-0.901027803
1920,1.938663417,,1.10093061,0.768152987,-0.090658609,-0.453696793,0.171744947,0.941788724,0.416144643,-0.239013296,0.391617799,-0.099385535,-0.059646083,0.316735393,0.23155271,-0.70047638,0.609977075,0.299855959,0.124647566,0.61149482
1921,-0.217191712,,0.10244442,0.659541601,-0.051796383,-1.609965087,0.426086743,-0.505387709,-0.501742129,-0.871690177,0.191981146,-0.276517788,0.204287736,0.047331257,0.411353991,-0.151664967,0.623942375,0.947580477,-0.044370001,0.064772471
1922,1.424626853,,0.729295493,0.379192904,-0.22213041,-0.984117637,-0.292203554,0.339924779,-0.549467314,-0.416705212,-0.18898483,-0.0387477,1.075088851,-0.381554477,-0.786466898,-0.784881377,-0.219059477,-0.869284016,-0.114773682,0.088093473
1923,-0.149176103,,-1.805925072,0.966366867,-0.424792999,-1.72982814,-0.370594736,-0.173517838,-0.956068063,-0.328795576,-0.659377593,-0.243473481,0.760745194,-0.0853429,0.285784684,-0.334541832,-0.236407266,-0.534397828,-0.011885488,0.987591285
1924,-0.636983326,,-1.467152003,0.182143302,-0.837507984,-1.021203812,-0.193194534,-0.78747074,-0.569344873,-1.387168624,-0.086173648,-0.159433155,-0.412681404,-0.379283878,-1.021198363,-1.406744876,-1.310451488,-1.347972003,-0.913918446,-0.15303218
1925,-0.767572179,,-0.388378511,0.366166749,-0.542450136,-1.808862587,0.009156706,-1.587125786,0.111082569,-1.247440213,0.018083379,-0.746379514,-0.039171538,0.052757757,-0.717209721,-0.779102425,-0.258450261,-0.661327326,-0.48780191,0.060307909
1926,1.970635601,,0.906407955,-0.251779794,-0.442731164,-1.431051965,-0.227699693,1.058976924,-0.915695059,-0.931540491,-0.700548072,-0.305761038,2.098607316,-0.952644162,-1.130221941,-1.234819551,-0.683328131,-1.505808488,0.027876902,-0.259858087
1927,0.245502702,,-0.035408763,-0.130895539,-0.338668903,-1.396422806,0.000229342,-0.426203651,-0.777269837,-0.570016721,-0.423672777,-0.373462258,0.509196924,-0.815580774,-0.775515035,-0.858999351,-0.426858396,0.278427546,-0.237439096,0.415678131
1928,-1.349537911,,-1.983946817,-0.021168499,-0.931092467,-1.190621389,-0.162177972,-1.075088266,-0.836650128,-1.672518219,-0.110540653,-0.76587504,-1.04020717,-1.103098988,-0.954871002,-1.952378774,-1.742386744,-1.146005434,-0.734216995,-0.384133618
1929,-1.784011186,,-0.06893004,-0.509810441,-0.935762166,-1.15258042,-0.214823594,-1.683541379,-0.094323931,-0.701085984,0.165217965,-0.6589328,-0.815246561,-0.749372776,-0.934008734,-0.510836059,-0.487038539,-1.413061183,-0.571607184,-0.082779199
1930,0.313017328,,0.128727204,0.52662897,-0.31274044,-1.715728596,0.12178032,-0.81137821,-0.067764363,-1.516270923,0.123562341,-0.377961733,0.180884276,-0.599458598,-1.193367242,-0.717813373,-0.455923619,-0.902043908,-0.450383177,0.278399125
1931,0.720844424,,0.141280011,-0.699913095,-0.781511766,-1.525305201,0.258076851,-0.59308249,-0.862640034,-1.578603406,-1.007398217,-0.514372093,0.513488248,-1.30528523,-2.667364668,-0.946482169,-0.43105732,-1.261604113,-0.167478605,-1.191589213
1932,2.045524131,,-0.322794915,0.304156569,-0.386759825,-1.276277439,-0.245205227,0.888334081,-0.660883456,-1.608825894,-0.59182612,-0.512127832,1.167305053,-0.200535647,-1.281971713,-2.397475867,-1.142842483,0.047510327,-0.315371156,-0.370389746
1933,-0.402941152,,1.117973761,-0.554412343,-0.288234817,-0.624507679,-0.17674183,-1.060992848,-0.465198313,-0.601792564,-0.103839372,-0.784364358,1.48719262,-0.724206388,-1.812194085,-0.872260361,0.027370837,-0.391725769,-0.285554374,0.204212277
1934,-1.050380823,,-0.261641947,-0.409156519,-0.007062718,-1.838933082,0.218644331,-1.117460073,-0.784000827,-0.718542558,0.590734196,0.270375116,-0.023137654,0.159382951,-0.927084512,0.180263779,0.326939382,-0.063918566,-0.051165537,0.375868557
1935,-0.49453766,,-0.88922553,-0.332433478,-0.588106855,-0.936554788,-0.320515318,-0.591263738,-0.950326976,-0.38799279,-0.613061537,-0.600049772,0.632526638,-0.547492863,-2.322823151,-0.350434629,-1.16542003,-0.667944067,-0.52288273,0.092882133
1936,-0.197045437,,0.345082161,0.322262283,-0.571830772,-1.875530701,0.073895708,-0.66861237,-0.672919689,-2.061549703,-0.200079267,-0.503958156,-0.530985956,-0.147091732,-1.669751184,-1.651759437,-0.843027071,-1.025400871,-0.764656602,0.236254758
1937,0.171568881,,0.401553045,-0.608441597,-0.816734659,-0.941518812,-0.280132004,-0.381838076,-1.008505059,-0.644134563,0.55159824,-0.689606252,0.973499694,-0.940101121,-2.086339669,-0.765589478,-0.634587642,-0.187499343,-0.322746423,0.511991646
1938,0.240322475,,1.152095145,-0.327623847,0.143243114,-0.862416966,-0.173918256,-0.493152602,-0.854084277,-0.623388054,0.974351429,-0.457860196,1.118477083,-0.524885083,-2.03002634,-0.731118387,-0.793012126,-0.771985839,-0.2959386,-0.100875674
1939,0.065903961,,-1.531012424,0.155167647,0.431254438,-1.672182861,0.376405601,-0.679695532,-0.287299659,-0.544113898,0.113654211,-0.556371823,0.81544724,0.417703359,-0.218523034,0.503278925,0.72316758,0.079884597,-0.098841978,0.468622802
1940,-0.862701314,,0.004147489,0.242973813,-0.629602092,-2.353932179,0.227747158,-0.803303131,-0.225002427,-1.266982154,0.546816156,-0.567875182,-1.686318738,-0.415425793,-0.583905292,-2.120380645,-1.633617156,-0.416662954,-0.942720143,0.519487723
1941,0.995209214,,0.733014902,-1.224515851,-0.8976155,-1.566962311,-0.076872966,-0.55669354,-0.853127327,-1.532921761,-0.221256984,-1.245073934,0.999045298,-1.895743094,-0.87525445,-0.766669518,-0.320119335,-0.648094693,-0.327438972,-0.754382961
1942,0.624493664,,1.185991371,-0.93452847,-0.301986365,-0.801931919,-0.139071128,0.091241946,-0.54077375,-1.194991367,0.087498488,-0.953763696,0.932879131,-0.682138852,-0.520734166,-0.697605682,0.217311645,-0.253693883,0.000577207,-0.015785907
1943,0.284876645,,-1.399875145,-0.191629633,-0.289740708,-2.902089547,-0.330006115,0.146386882,-0.584786092,-1.552258668,0.632011888,0.071387651,0.347135288,0.570689998,-0.858738539,-0.397443613,0.264742581,-0.060742375,-0.24389504,0.021895609
1944,0.726290017,,-0.257495982,0.153941552,-0.813172794,-1.738271605,-0.413305113,0.447831063,-0.216688008,-2.300175772,-0.259950524,-0.628756477,0.605853101,0.155464368,-2.693175884,-3.304041216,-1.449684354,-1.413886181,-0.825628206,-0.594229023
1945,0.908733655,,0.098648676,-0.964386448,-0.968441801,-1.507687053,-0.15524588,0.414180234,-0.728475483,-0.428169357,-0.235158703,-0.73272142,2.128043707,-0.331109436,-2.317805324,-0.850585965,0.182790361,-1.044260909,-0.115575089,-0.051883174
1946,-0.434579978,,1.040327628,-0.422036869,-0.575688031,-1.581136515,0.289722039,-1.273847111,-0.861334626,-1.267707208,-0.525781783,-0.73816037,0.671941601,-0.804931955,-2.681763959,0.122660456,-0.510539809,-1.108022586,-0.307529547,0.0083659
1947,-1.762413173,,0.91107648,-1.391455826,-0.783464189,-1.482090848,0.188865375,-1.229288451,-0.959013317,-0.876779716,-0.242285753,-1.068605009,1.0327986,-0.598293019,-1.270634333,1.464712718,0.623538824,-0.440295194,-0.018850848,0.937092171
1948,-0.265693101,,-0.857040786,-0.073844278,-0.377415257,-1.487073396,-0.221469996,-0.489614035,-1.272870679,-1.894292334,0.126974135,-0.421236707,-0.185761769,-0.083039145,-1.212526026,-1.243577333,-1.373185034,0.085731879,-0.544827876,1.18104907
1949,-0.431512195,,2.532931452,-1.139032964,-0.71602366,-0.514112228,-0.215061302,-1.145139644,-0.898191464,-1.758784276,0.147074139,-0.686208314,-0.665888765,-0.99709508,-1.630599743,-0.414205524,-0.174957217,-0.784719697,-0.372717585,-1.179069926
1950,1.363306025,,0.32523955,-0.987907687,0.647366335,-1.375535513,0.466073341,-0.566486287,-0.050055281,0.513957666,0.184201547,0.462873775,2.275313189,0.895658322,-0.431466723,0.582313684,1.549516546,1.106897379,0.615941782,1.712660318
1951,-0.431246979,,-2.51658541,-0.571947192,-0.845688232,-2.609346922,-0.162494974,-1.063900274,-0.777491867,-2.374263352,-0.636765527,-1.561910282,-0.545667387,-0.323617339,-1.892243224,-0.887513851,-1.267196557,-0.751423167,-0.673339671,0.613919157
1952,-1.900981661,,-0.333403468,-0.971774698,-1.146442317,-2.276727389,-0.359584957,-1.429229395,-0.848278937,-2.982838129,-1.18411792,-1.713643876,-1.510183875,-1.07971432,-2.935373213,-2.726246705,-2.268080075,-2.185748046,-1.204239272,-1.180408287
1953,-1.389824413,,1.542949376,-1.369365433,-1.165020132,-1.565214513,0.102477918,-1.781012509,-1.349582814,-1.595582497,-0.828048246,-1.830286666,0.165066992,-0.621614944,-2.168416768,-1.019547142,-0.622740489,-0.170945914,-0.651278311,-0.309783578
1954,0.346881616,,0.987954729,-0.968445814,-0.461189726,-1.400502054,0.166259079,-1.055025804,-0.853698239,-1.872488223,-1.449263546,-0.87771911,0.36793963,-0.253189395,-2.44966819,0.030944659,0.285862945,-0.342809943,0.246368395,-0.344942832
1955,0.222109703,,1.85664556,-0.865332525,-0.72633488,-1.309900185,0.252719315,-1.130318229,-1.004222625,-1.345101152,-2.019098697,-0.949795588,2.023163178,0.350330263,-0.664720227,0.228299918,0.969147469,1.067049399,-0.008637972,1.42077202
1956,1.10930553,,-1.257306763,0.138602703,-0.160052748,-3.736071467,0.529298004,-0.451341389,-0.513897662,-0.280389412,-0.841122866,-0.68927504,1.284042975,0.960865064,1.260596507,0.921093852,0.751821568,1.889830879,0.256266696,2.828979714
1957,-1.762929778,,-1.492772128,-0.717357064,-1.473140467,-3.264248366,-0.554614846,-1.063895664,-0.968102266,-2.212504362,-2.156903388,-2.246093137,-0.926836182,-0.676669438,-1.218383439,-1.801575367,-1.336053383,-0.867872904,-1.280645816,0.944077341
1958,-0.633252387,,-1.031451068,-1.517261014,-1.655959111,-2.446938733,-0.043357028,-2.06832445,-0.831074324,-2.081744325,-2.607051788,-2.21850781,0.063422555,-1.965963231,-1.828999395,-2.468660603,-2.334876606,-1.761948774,-1.073817355,-1.718588263
1959,-1.80009097,,-0.743263449,-1.590544086,-1.433338989,-2.049191977,-0.087792908,-1.312694028,-1.205869864,-2.307422061,-1.603303437,-1.988855705,-0.393074398,-1.409380554,-2.836177849,-1.794862159,-2.233540822,-1.11658415,-0.618025026,-0.624980972
1960,-0.184211057,,-1.403115655,-1.006767442,-1.165339839,-1.866390631,-0.496724784,-2.042656362,-0.468399881,-2.822946726,-1.373209285,-2.132037759,0.960208454,-0.871631922,-1.247235651,-2.177473624,-1.448325833,-0.928455968,-0.409056919,-0.481222795
1961,-0.218549865,,0.40612188,-1.135680428,-0.726983076,-0.797720484,-0.315536852,-0.882093957,-0.753542384,-1.046869035,-0.609520586,-1.007011143,0.839390727,-1.203634,-1.985509841,-1.307509914,-1.152155167,-0.595416689,-0.585709664,0.37713877
1962,-0.124484979,,-1.156644228,-0.700040043,-0.505836318,-0.920439879,-0.357073542,-1.429819455,-0.798126629,-1.419924881,-0.232263365,-0.528757951,1.452626962,-0.062348696,-0.819484605,-0.632012114,-0.562111958,-0.952270146,0.297048087,2.362864409
1963,-0.924008881,,-0.248300578,-0.789073843,-0.771943681,-0.732468979,0.066395294,-1.75443694,-0.551569536,-2.475403162,-1.002561346,-1.048000984,0.526790637,-0.097049612,-1.245248244,-1.310337804,-1.168517727,-0.276934005,-0.430802665,0.9296036
1964,-0.035314908,,-1.721259165,-0.764121994,-0.24914405,-1.195084211,-0.033398844,-1.730606629,0.217085074,-0.655798449,0.3965853,-0.260417816,0.156446194,0.476454663,-0.84107594,-0.118476313,-0.91294537,-0.039603006,-0.247528528,0.80717139
1965,-0.187999425,,1.61116767,-0.449081592,-0.851408971,-0.987174071,-0.643444007,-0.961751378,-0.152104463,-1.265394807,-1.061034918,-0.379615826,-1.003655077,-1.009830053,-2.049663268,-1.800407226,-1.544186371,-2.069547673,-0.251976538,0.485137226
1966,-0.097820328,,0.123223348,-0.932954483,-0.155692492,0.13131884,-0.010945495,-0.864460522,-0.325694368,-1.212763068,-0.632581809,-0.362533859,1.433516906,-0.957967057,-0.417308865,0.533585583,0.009122324,0.527586741,0.375762027,1.3057646
1967,0.298122933,,0.488387789,-0.038291187,0.234986778,0.013666207,-0.074109759,-0.391330946,0.213131302,-0.218473369,-0.130538012,0.059704895,1.133213334,0.554272126,-0.154033376,0.079590753,0.091229073,0.532977935,0.01582028,1.031689265
1968,0.005395797,,-0.277010878,0.659660052,-0.015555024,-1.872540216,-0.347882117,-0.70299681,0.282044128,-1.003968587,-0.505979761,0.085919048,-0.153706996,0.578141943,1.083817696,0.919721395,0.96516753,1.233951653,0.282191282,2.026572538
1969,-0.567101501,,0.305685333,-1.469246808,-0.635669449,-1.151343105,-0.108605737,-0.823025283,-0.416286246,-0.458060495,-1.723482305,-1.399370873,-0.284912294,-1.669724716,-0.640371582,-1.087172667,-0.527172657,-0.015029662,-0.09884617,-0.027772772
1970,-0.174101587,,2.479035816,-0.998060753,-0.524497572,0.279086149,-0.060794632,-0.644548781,-0.449641005,-0.746133031,-1.077853683,-1.405005949,0.439292595,-1.639800494,-2.141725412,-1.269021788,-0.47250555,-0.739596972,0.024436327,-0.2516878
1971,1.839877657,,0.35299751,-0.386172956,-0.113607647,-0.994153396,0.272546572,-0.240334315,-0.02864686,0.257965289,-1.380788405,0.450760413,0.604357356,1.132575015,-0.615023875,0.615889667,1.444297558,0.208914844,0.781731623,1.036273042
1972,-1.195452436,,1.284199402,0.522323827,-0.592013874,-0.24672355,-0.058826664,-0.46948809,-0.070683005,-1.51562065,-2.312761059,-0.54346744,-2.528821888,-0.837818975,-0.359127128,-0.520303397,-1.477184269,0.178942344,-0.074320081,0.907139632
1973,0.530809741,,5.516764062,-1.852423806,-0.095761132,1.47118426,0.015913665,-0.403969222,-0.899908073,0.661504317,-1.081368008,-0.691118023,1.139741295,-1.393877958,-0.6920264,0.946391356,1.676610685,-0.192026137,0.364781131,-0.16830391
1974,3.61994642,,2.537268127,0.114423689,1.800940503,0.39084991,1.070114506,0.509562984,0.005837196,1.590770742,-0.701187392,1.887323723,3.270731582,2.430785265,0.881593596,2.453203054,2.81111168,2.325200466,2.132762845,4.331162461
1975,0.49670967,,0.821471792,0.273624648,0.147133845,0.441751865,0.280807074,0.422209496,-0.519690586,-0.377851597,-0.417716006,0.963274567,1.587223022,0.963074973,0.449026451,1.806623959,1.713578607,1.639240007,0.874144067,3.117836695
1976,0.789932268,,0.433260134,1.299943539,1.01285321,-1.589598984,0.215801193,0.623860096,0.743493983,0.247998382,-0.193695182,1.156121336,-0.592427232,2.182066556,2.250528613,0.744555188,0.565699435,1.21553237,0.755166791,2.885069172
1977,0.558213067,,3.17670158,-0.0216834,-0.281171467,-0.703984644,-0.125670011,-0.316312136,0.082586331,0.429205054,-1.547570746,-0.015574784,0.284120604,-0.344241524,0.26880549,-0.862127821,0.135661897,1.122361448,0.613502433,1.342128139
1978,2.445685463,,0.708934421,-0.313729186,0.433422546,-1.372024955,0.328497535,0.088170692,0.218035664,0.850325923,-1.729130152,0.58713306,2.943237872,0.387200055,0.138454242,1.013979248,1.658188891,0.183465659,1.445846285,2.800984083
1979,0.984513131,,-2.623902653,-0.129145156,-0.025638568,-2.215428168,-0.378528547,0.024427389,-0.612685697,-0.99150345,-2.130612752,-0.357448611,1.763948167,-0.866679149,-0.773288085,-1.0493897,-0.941243794,-0.594036925,0.455399446,1.865894662
1980,0.294327598,,2.241459193,-0.274279165,-0.376493691,0.844420216,-0.820236863,-0.598337107,0.137153748,-1.001173084,-1.84579649,-0.059492522,-0.127079868,-1.379394086,-2.302355937,-2.572277543,-2.00080145,-2.079062835,0.252029484,-0.251967851
1981,1.653359552,,0.88523053,-0.33779516,0.627243047,-0.647916767,0.013273288,-0.190940131,0.316039888,0.736724422,-0.475227269,0.541324518,1.244153594,-0.02555629,-1.251078228,0.079866385,0.809740533,-0.176598057,1.57455471,0.664635484
1982,0.607103834,,-2.81896992,0.901984612,0.763468369,-1.297120331,-0.144163797,0.687126489,0.678981758,-0.800261709,-0.86086937,0.353923961,-0.71091938,0.222187557,-0.692709201,0.300646003,-1.239386244,-0.228881889,0.921748583,1.360271149
1983,-0.778649319,,2.63040019,-0.886080214,-0.362264876,0.609211415,-0.676494693,-0.862193439,-0.308793033,-1.343057566,-1.60844859,-0.699736783,0.310336972,-2.018706221,-1.815578346,-1.181233951,-1.233024189,-2.621091621,0.408732996,-1.472175302
1984,0.975661896,,2.872067752,0.023927792,1.283655936,0.479603244,0.413996225,0.379900066,0.009155514,1.197507905,0.879823922,0.70479048,0.953890433,0.066983253,-0.381663889,0.989827505,1.147565387,0.877417762,2.363854501,2.091720212
1985,2.289461193,,2.426865455,0.124674759,0.655678582,-0.031208298,0.134904849,0.651511384,0.140695464,0.8845363,0.091121774,0.815879497,2.88517491,-0.198400519,-0.116258786,0.700437009,1.740459229,0.170770689,1.812538484,1.874060888
1986,0.580579143,,-0.94617375,0.549654314,0.586761932,-1.331204082,0.094563015,0.475431334,0.252684539,-1.028184902,-0.653032216,0.781008015,1.283132308,0.577083502,-0.006945617,0.868438911,0.992429829,-0.960214391,1.124676304,1.49940051
1987,-0.877837802,,-0.026475014,-0.350819195,-1.020466039,0.585600179,-0.338487637,-0.515003684,0.037987243,-2.112827171,-0.963880071,-1.022773396,-0.619948323,-2.157996362,-0.6856721,-1.077098512,-1.337166805,-1.579112332,0.378938705,-0.820338684
1988,0.570437395,,4.546726923,-1.110866149,0.44565201,1.746843618,-0.053756042,-0.000921161,0.178448398,0.546798523,0.037441111,0.426416747,1.81039773,0.231805072,-1.446798609,-0.577000398,0.190701957,-0.220786573,1.292994486,-0.286571631
1989,1.627533817,,2.52440453,0.385625459,1.592992169,-0.432211092,0.142421529,1.020686605,0.793310059,0.617937498,1.883125052,1.320800453,0.931900051,1.27136713,1.191315205,2.225598584,2.382472789,1.993727243,2.351958246,2.770096169
1990,-0.035465096,,0.919361754,0.366231238,1.179223736,-0.150262806,-0.00324772,1.544943861,-0.278077955,-0.55901373,0.799869912,0.109776516,0.749081826,-0.421852943,1.3038617,1.225742094,0.252635064,1.623309407,1.305989085,1.446523468
1991,1.25172548,,-0.042984182,1.129184639,1.102331636,0.659006937,-0.071296446,1.160369815,0.394928506,0.908875833,-0.40676792,0.895164171,2.148348287,1.340131211,-0.128174322,-0.643265414,0.875879591,-0.270279269,1.610802017,1.267607878
1992,1.533324969,,2.083634009,1.257325597,1.400793243,1.115780979,-0.100252131,0.82128422,1.662517547,-0.699179826,0.846661375,0.783942095,-0.448088946,1.005820082,1.125229513,0.819800151,0.099908575,-0.834666215,0.659908,-0.574475627
1993,2.071567226,,0.148541306,0.60832022,0.906294381,-0.028453685,0.519938566,0.735506676,1.538131686,0.914522642,1.723233838,0.555983958,1.475320563,0.268110612,1.641309464,1.726435609,1.100869216,0.51437541,2.015000995,1.077589494
1994,0.457183413,,0.276430683,-0.005740667,0.508734097,-0.229623297,-0.625186478,0.616079952,-0.051337368,0.199767581,0.165863527,0.832280024,1.395057641,-0.219880522,-1.113898458,-1.352462337,-0.702558262,-0.54533921,1.121580355,0.438742612
1995,0.23857079,,2.672600789,0.01518568,0.240216636,0.60127635,-0.377117627,0.502155768,-0.196380076,-1.404621987,-0.499308964,-0.314139642,1.213701726,-0.640123038,0.12359764,-0.200225983,0.769390989,-0.669612522,0.446854948,0.668275861
1996,2.097065794,,2.092804891,1.006319795,1.51968875,1.000325697,0.526278967,1.463804787,1.163550952,0.641656784,1.402566079,0.65841254,1.005749066,0.468726981,1.741551148,2.149525807,1.536401593,1.562825296,2.417728622,1.366498831
1997,1.776076724,,0.83597314,1.108899468,1.133190894,-1.011077361,0.666006373,1.394728055,0.760014426,0.337314655,0.71811507,0.557051099,2.084278607,0.949240284,3.110419646,1.889942361,1.628121595,2.069348871,1.107653355,1.583679302
1998,0.176553929,,3.14310399,-0.600866773,0.374291619,1.440515992,0.153773804,0.325082983,-0.702082355,0.112086139,-1.066591555,-1.111045078,1.711769975,-1.538137629,-0.090512938,-0.434418728,0.364100205,0.58232073,0.590339188,0.768486669
1999,1.461531108,,3.168936188,0.448523644,1.466395408,1.423165411,0.263786053,1.514796158,0.430497828,0.186257135,2.176542488,0.920616029,2.561055997,1.565533123,2.134961659,1.509774509,2.028082661,1.697084267,1.331953828,2.935140986
2000,2.001437177,,1.621111479,1.491315155,1.083458332,0.333885749,0.525924929,1.515488609,0.29052494,-0.401835401,1.513157412,0.931216254,1.198569578,1.403655113,2.749357875,1.030805333,2.410317586,2.219446051,1.151141853,3.156260768
2001,0.61816928,,-0.314629734,1.135525815,0.737050503,0.301003491,0.216018987,1.524559774,0.33491154,0.34883245,0.773360316,0.442002089,0.332734828,0.559646593,1.706999961,-0.244879856,0.221721957,0.513809143,0.690592202,2.018255759
2002,-0.163623298,,1.127062702,1.237764111,0.844769522,0.952042316,-0.683874437,1.40858365,0.39894359,-0.862327833,0.43774001,0.20499158,-0.402702887,-0.525421697,0.049613871,-1.287437376,-1.116877505,-0.904147971,0.711127162,-0.571003697
2003,1.357390928,0.584313035,1.41690858,0.702695615,1.360513998,0.707081413,-0.370878441,0.900923713,0.877265603,1.196784078,0.958760648,0.428434882,1.694502404,0.182725368,0.602837608,0.401482282,0.84408624,-0.462106264,1.268376743,1.050169875
2004,1.915465735,2.039892748,0.266174289,1.217413789,1.000222224,0.175253308,0.067939479,1.660846383,1.19196359,-0.455381629,0.851105315,0.231823603,1.815801502,1.034806996,2.776043895,1.020662647,0.582650621,0.771605609,0.9024451,2.264229949
2005,0.222348529,1.162641476,1.78379382,0.715789733,0.511434211,1.444121492,-0.291394875,0.71194249,0.582512733,-0.560251156,0.140889994,0.009584663,0.324471626,-0.024517363,1.623629964,-0.048732345,0.118449072,-0.268559676,1.055657208,0.208296697
2006,2.046747743,2.136173445,1.88413305,1.14389462,1.631945752,1.092135421,0.093529717,1.508681012,0.954771861,1.405733881,0.764580216,0.950602509,1.724358996,1.315144459,2.141735374,1.385568523,2.469540711,1.461131616,2.114138055,2.247193403
2007,2.399556878,1.060388045,2.930396433,1.542525914,1.647212199,1.407844156,-0.382674947,1.933589008,0.436177212,0.437584519,0.988453059,1.157349939,2.037454026,1.320260692,1.672512979,0.791309651,1.75997334,0.454032693,1.838615257,2.165274128
2008,2.245535283,3.218954423,1.637538876,1.647647666,1.075123802,1.01601554,-0.05025023,2.215159287,1.088972197,0.511321828,1.67893512,1.605870748,1.740851144,1.783203307,1.402962361,1.547858977,2.101617749,0.904128898,1.964863512,2.960207934
2009,1.957412404,2.501923157,3.186059492,1.230258543,0.947064942,0.13278561,-0.249680448,1.891496199,0.708409556,0.269624407,0.753841413,0.199122422,1.845341385,0.720637501,2.953132546,0.276979678,1.66673235,0.718863871,1.457396442,2.437883776
2010,2.385209913,1.881257985,4.179364336,0.675477064,1.401019615,1.531600399,0.225017986,1.319008699,-0.11023661,1.193025063,-0.833872187,-0.073607115,3.347914766,-0.299122029,3.294436106,2.48729285,3.447838558,1.406142816,2.232616886,2.465575185
2011,2.97006876,2.295396378,-0.545066728,1.619311933,2.129158679,0.782418262,1.008803217,1.997768729,0.179082148,0.186121679,1.280262658,1.22192806,2.925092813,2.101555529,3.590658865,2.027239015,2.62906827,1.910825241,2.525059526,3.861549449
2012,0.254009536,3.338503718,1.895912174,2.123049447,1.326071819,1.537782246,-0.385379569,1.709673114,0.207020347,-0.92968466,0.984839073,0.880178877,0.096326847,0.857070255,1.299504296,-0.600593631,-0.198249361,0.627513231,0.834787262,1.298438762
2013,2.802075824,3.290526043,3.071196596,0.833957496,1.355710835,1.147125148,-0.383084415,2.219652215,1.033971641,2.077757804,2.12796582,0.818513831,3.026978076,0.23335714,2.930572222,1.698753648,2.165159403,1.390397705,2.416768603,2.021576145
2014,2.996636114,3.245470696,0.385055587,1.649114297,1.720079963,0.358484097,-0.090275837,3.353795625,1.217535261,0.589661675,1.192975587,1.206152027,1.640627301,1.092580371,3.877355367,2.073923212,1.934585868,1.356837034,1.732294461,2.959533773
2015,0.53985869,1.97935111,0.664944724,1.593668172,1.036870251,0.730507871,-0.01358734,2.280057675,0.333870905,-1.005499329,0.104176302,0.593706579,-0.84681642,0.242883472,2.188501532,-0.729471618,-0.786039278,-1.011551862,1.037052907,0.933936927
2016,0.89417477,3.435357244,4.093001059,1.047101167,1.424647267,1.643909227,-0.085696401,1.584754107,0.681080297,0.143421304,1.007360213,-0.163615432,1.161408017,2.047702804,2.86289144,0.121996416,0.490508581,0.794982904,1.507494646,-0.066130953
2017,2.812862623,3.312894143,1.874683674,0.874095488,2.176899255,2.071920158,0.30466501,2.737003946,1.219750126,2.395254079,0.927393881,1.400347671,2.700034182,0.559443329,2.723431655,1.245476934,2.178628136,1.142257135,2.734629246,2.912398667
2018,1.966597025,3.883273443,0.974944841,1.574250015,1.82636063,0.945412422,-0.118829445,2.778704439,1.273628874,0.661578673,0.927912154,1.600126191,3.707418038,1.077837265,3.012168391,1.929623312,2.595148478,0.926965637,1.939833435,3.114996389
2019,1.62761052,2.819693912,1.188154231,1.392659214,1.708099627,0.845285248,-0.414042679,2.635787146,-0.43143004,0.38466629,1.341212734,1.655331335,3.306701528,1.072067427,3.046549669,1.514700069,1.154323878,0.244944101,1.2568348,1.752038132
2020,1.638001901,4.303369658,2.67988889,1.348071852,2.024612608,1.804419389,0.102516297,2.469739165,1.483465001,0.621564372,0.457899413,1.531691498,2.086695439,0.897665596,2.128960821,-0.207073673,1.358878921,0.105970609,1.468873612,2.299494529
2021,2.899340758,4.430045699,3.69300828,1.358760187,2.202732565,2.450522549,0.604535617,2.632101382,1.249762528,1.593477018,1.016780672,1.519602478,1.979414168,0.713587329,1.638202799,1.385346556,2.511387216,0.451868078,2.694678584,2.44847585
2022,2.140557141,5.270468598,0.357152777,1.726795232,3.261191885,0.804191394,-0.000374751,2.922563482,0.746964685,1.282358695,1.904549735,2.394437949,2.986034892,1.884237702,2.655850816,1.595243006,2.810325972,1.169552497,2.176094463,3.628356185
2023,-0.027812596,4.265959985,-0.034402728,1.99000694,1.714027761,0.325084903,-0.46364057,2.1172428,1.35754056,-0.21821715,0.113265038,0.821118645,0.679318237,0.32311853,2.423711567,0.630024627,0.797127232,1.018310848,0.581742027,2.377763561
2024,2.245785168,6.047795025,-2.781313053,1.395445747,1.646644166,,0.217242233,1.888542261,0.520907777,1.227075587,-0.23717208,0.949172664,2.19417729,-0.348737477,3.080451292,0.176647947,0.622626132,0.683027292,1.324644561,1.641016856
